,Vote ID,File,Order of vote,Date,Title,Procedure,Leg/Non-Leg/Bud,Type of Vote,Voting Rule,Rapporteur,Code,Interinstitutional file number,Link,Committee responsabile,Policy area,Subject,Final vote?,Am No.,Author,RCV,Vote,Yes,No,Abs,ECR,EPP,Greens/EFA,IDG,NI,REG,S&D,The Left,ECR%,EPP%,Greens/EFA%,IDG%,NI%,REG%,S&D%,The Left%,General Majority,Right Majority,Left Majority,Consensus
82,83,10,1,22.10.2019,European Globalisation Adjustment Fund (2014-2020),***I,Leg,Draft legislative resolution,s,Blinkevičiūtė,A9-0015/2019,2019/0180/COD,https://www.europarl.europa.eu/doceo/document/A-9-2019-0015_EN.html,Committee on Employment and Social Affairs,Employment & Social Affairs,single vote,1.0,,0,RCV,+,516,23,17,36,139,58,34,24,77,119,29,0.581,0.764,0.784,0.466,0.421,0.713,0.773,0.707,1,0,0,0
84,85,10,1,22.10.2019,Implementation and financing of the EU general budget in 2020 in relation to the UK's withdrawal from the EU,***,Leg,Draft legislative resolution,s,Van Overtveldt,A9-0018/2019,2019/0186/APP,https://www.europarl.europa.eu/doceo/document/A-9-2019-0018_EN.html,Committee on Budgets,Budget,vote: consent ,1.0,,0,RCV,+,543,30,46,44,147,64,15,25,90,126,31,0.71,0.808,0.865,0.205,0.439,0.833,0.818,0.756,1,0,0,0
85,86,10,1,22.10.2019,Periods of application of Regulation (EU) 2019/501 and Regulation (EU) 2019/502,***I,Leg,Draft legislative resolution,s,Delli,C9-0108/2019,2019/0179/COD,https://www.europarl.europa.eu/doceo/document/TA-9-2019-0037_EN.html,Committee on Transport and Tourism,Transport & tourism,vote: Commission proposal,1.0,,0,RCV,+,618,0,6,50,147,66,50,51,92,131,30,0.806,0.808,0.892,0.685,0.895,0.852,0.851,0.732,1,0,0,1
149,150,12,1,24.10.2019,Financial assistance to Member States to cover serious financial burden inflicted on them following a UK's withdrawal from the EU without an agreement,***I,Leg,Draft legislative resolution,s,Omarjee,A9-0020/2019,2019/0183/COD,https://www.europarl.europa.eu/doceo/document/A-9-2019-0020_EN.html,Committee on Regional Development,Regional development,Single vote,1.0,,0,RCV,+,511,64,66,45,148,63,0,18,84,118,33,0.726,0.813,0.851,0.0,0.316,0.778,0.766,0.805,1,0,0,0
293,294,16,1,26.11.2019,EU-Ukraine Agreement Amending the trade preferences for poultry meat and poultry meat preparations provided for by the EU-Ukraine Association Agreement,***,Leg,Draft legislative resolution,s,GYŐRI,A9-0024/2019,2019/0132/NLE,https://www.europarl.europa.eu/doceo/document/A-9-2019-0024_EN.html,Committee on International Trade,International trade,vote: consent,1.0,,0,RCV,+,444,128,74,48,147,5,1,23,102,118,0,0.774,0.808,0.068,0.014,0.404,0.944,0.766,0.0,1,0,0,0
366,367,18,1,28.11.2019,EU/USA Agreement on the allocation of a share in the tariff rate quota for imports of high-quality beef,***,Leg,Draft legislative resolution,s,Lange,A9-0038/2019,2019/0142/NLE,https://www.europarl.europa.eu/doceo/document/A-9-2019-0038_EN.html,Committee on International Trade,International trade,vote: consent,1.0,,0,RCV,+,457,140,71,57,140,5,2,20,103,130,0,0.919,0.769,0.068,0.027,0.351,0.954,0.844,0.0,1,0,0,0
457,458,19,1,17.12.2019,Macro-financial assistance to Jordan,***I,Leg,Draft legislative resolution,s,Regimenti ,A9-0045/2019,2019/0192/COD,https://www.europarl.europa.eu/doceo/document/A-9-2019-0045_EN.html,Committee on International Trade,International trade,single vote,1.0,,0,RCV,+,654,28,11,56,161,74,61,24,109,144,25,0.903,0.885,1.0,0.836,0.421,1.009,0.935,0.61,1,0,0,0
458,459,19,1,17.12.2019,"EU-Switzerland Agreement on the stepping up of cross-border cooperation, particularly in combating terrorism and cross-border crime",***,Leg,Draft legislative resolution,s,Metsola,A9-0043/2019,2019/0013/NLE,https://www.europarl.europa.eu/doceo/document/A-9-2019-0043_EN.html,"Committee on Civil Liberties, Justice and Home Affairs","Civil liberties, justice & home affairs",vote: consent,1.0,,0,RCV,+,625,14,47,56,158,73,61,26,106,143,2,0.903,0.868,0.986,0.836,0.456,0.981,0.929,0.049,1,0,0,0
459,460,19,1,17.12.2019,"EU-Liechtenstein Agreement on the stepping up of cross-border cooperation, particularly in combating terrorism and cross-border crime",***,Leg,Draft legislative resolution,s,Metsola,A9-0044/2019,2019/0012/NLE,https://www.europarl.europa.eu/doceo/document/A-9-2019-0044_EN.html,"Committee on Civil Liberties, Justice and Home Affairs","Civil liberties, justice & home affairs",vote: consent,1.0,,0,RCV,+,631,12,51,56,161,74,59,26,109,144,2,0.903,0.885,1.0,0.808,0.456,1.009,0.935,0.049,1,0,0,0
460,461,19,1,17.12.2019,Protocol to EU-Switzerland Agreement concerning the criteria and mechanisms for establishing the State responsible for examining a request for asylum lodged in a Member State or in Switzerland regarding the access to Eurodac for law enforcement purposes,***,Leg,Draft legislative resolution,s,Wiśniewska,A9-0025/2019,2018/0418/NLE,https://www.europarl.europa.eu/doceo/document/A-9-2019-0025_EN.html,"Committee on Civil Liberties, Justice and Home Affairs","Civil liberties, justice & home affairs",vote: consent,1.0,,0,RCV,+,631,36,27,56,161,74,61,25,109,144,1,0.903,0.885,1.0,0.836,0.439,1.009,0.935,0.024,1,0,0,0
461,462,19,1,17.12.2019,Accession of Solomon Islands to the EU-Pacific States Interim Partnership Agreement,***,Leg,Draft legislative resolution,s,Lange,A9-0050/2019,2019/0099/NLE,https://www.europarl.europa.eu/doceo/document/A-9-2019-0050_EN.html,Committee on International Trade,International trade,vote: consent,1.0,,0,RCV,+,534,145,13,58,162,8,40,20,108,138,0,0.935,0.89,0.108,0.548,0.351,1.0,0.896,0.0,1,0,0,0
465,466,20,1,18.12.2019,CAP: Financial discipline as from financial year 2021 and flexibility between pillars in respect of calendar year 2020,***I,Leg,Draft legislative resolution,s,Lins,A9-0042/2019,2019/0253/COD,https://www.europarl.europa.eu/doceo/document/A-9-2019-0042_EN.html,Committee on Agriculture and Rural Development,Agriculture,single vote,1.0,,0,RCV,+,637,27,20,58,156,71,57,24,112,132,27,0.935,0.857,0.959,0.781,0.421,1.037,0.857,0.659,1,0,0,0
466,467,20,1,18.12.2019,EU-GAmendmentbia Sustainable Fisheries Partnership Agreement and the Implementation Protocol thereto,***,Leg,Draft legislative resolution,s,Avram,A9-0026/2019,2019/0076/NLE,https://www.europarl.europa.eu/doceo/document/A-9-2019-0026_EN.html,Committee on Fisheries,Fisheries,vote: consent,1.0,,0,RCV,+,478,87,127,54,153,3,5,10,108,136,9,0.871,0.841,0.041,0.068,0.175,1.0,0.883,0.22,1,0,0,0
520,521,23,1,15.01.2020,"Protocol to the Agreement between the EU, Iceland and Norway concerning the criteria and mechanisms for establishing the State responsible for exAmendmentining a request for asylum lodged in a Member State or in Iceland or Norway regarding the access to Eurodac for law enforcement purposes",***,Leg,Draft legislative resolution,s,Wiśniewska,A9-0053/2019,2018/0419/NLE,https://www.europarl.europa.eu/doceo/document/A-9-2019-0053_EN.html,"Committee on Civil Liberties, Justice and Home Affairs","Civil liberties, justice & home affairs",vote: consent,1.0,,0,RCV,+,550,24,22,50,142,60,57,29,96,113,3,0.806,0.78,0.811,0.781,0.509,0.889,0.734,0.073,1,0,0,0
521,522,23,1,15.01.2020,EU-China Agreement on certain aspects of air services,***,Leg,Draft legislative resolution,s,Poręba,A9-0041/2019,2018/0147/NLE,https://www.europarl.europa.eu/doceo/document/A-9-2019-0041_EN.html,Committee on Transport and Tourism,Transport & tourism,vote: consent,1.0,,0,RCV,+,597,34,32,58,149,70,43,29,106,128,13,0.935,0.819,0.946,0.589,0.509,0.981,0.831,0.317,1,0,0,0
734,735,25,1,29.01.2020,Withdrawal Agreement of the United Kingdom of Great Britain and Northern Ireland from the European Union and the European Atomic Energy Community,***,Leg,Motion for resolution,s,Verhofstadt,A9-0004/2020,2018/0427/NLE,https://www.europarl.europa.eu/doceo/document/A-9-2020-0004_EN.html,Committee on Constitutional Affairs,Constitutional and inter-institutional affairs,vote: consent ,1.0,,0,RCV,+,621,49,13,53,153,59,55,51,93,125,30,0.855,0.841,0.797,0.753,0.895,0.861,0.812,0.732,1,0,0,0
760,761,28,1,12.02.2020,Conclusion of the EU-Viet Nam Free Trade Agreement,***,Leg,Draft legislative resolution,s,Bourgeois,A9-0003/2020,2018/0356/NLE,https://www.europarl.europa.eu/doceo/document/A-9-2020-0003_EN.html,Committee on International Trade,International trade,vote: consent,1.0,,0,RCV,+,401,192,40,41,143,5,10,15,86,101,0,0.661,0.786,0.068,0.137,0.263,0.796,0.656,0.0,0,1,0,0
766,767,28,1,12.02.2020,EU-Vietnam Investment Protection Agreement,***,Leg,Draft legislative resolution,s,Bourgeois,A9-0002/2020,2018/0358/NLE,https://www.europarl.europa.eu/doceo/document/A-9-2020-0002_EN.html,Committee on International Trade,International trade,vote: consent,1.0,,0,RCV,+,407,188,53,48,145,1,14,9,87,103,0,0.774,0.797,0.014,0.192,0.158,0.806,0.669,0.0,1,0,0,0
812,813,29,1,13.02.2020,False and Authentic Documents Online (FADO) system,***I,Leg,Draft legislative resolution,s,Metsola,A9-0022/2019,2018/0330B/COD,https://www.europarl.europa.eu/doceo/document/A-9-2019-0022_EN.html,"Committee on Civil Liberties, Justice and Home Affairs","Civil liberties, justice & home affairs",Provisional agreement ,0.0,2,committee ,RCV,+,592,33,3,55,151,64,59,25,97,135,6,0.887,0.83,0.865,0.808,0.439,0.898,0.877,0.146,1,0,0,0
832,833,30,1,26.03.2020,Allocation of slots at Community airports: common rules,***I,Leg,Draft legislative resolution,s,0,C9-0082/2020,2020/0042/COD,https://www.europarl.europa.eu/doceo/document/TA-9-2020-0041_EN.html,Committee on Transport and Tourism,Transport & tourism,vote: Commission proposal,1.0,,0,RCV,+,686,0,2,64,171,67,63,38,100,144,39,1.032,0.94,0.905,0.863,0.667,0.926,0.935,0.951,1,0,0,1
835,836,31,1,16.04.2020,Request for urgent procedure - Regulation Amendmentending the Multiannual financial framework 2014-2020,***,Leg,Proposal for a decision,s,Olbrycht/Marques,C9-0110/202,2020/0055/APP,https://www.europarl.europa.eu/doceo/document/TA-9-2020-0044_EN.html,Committee on Budgets,Budget,vote: Commission proposal,1.0,,0,RCV,+,671,13,1,62,173,67,52,37,101,141,38,1.0,0.951,0.905,0.712,0.649,0.935,0.916,0.927,1,0,0,0
846,847,31,1,16.04.2020,Request for urgent procedure - Specific measures to provide exceptional flexibility for the use of the European Structural and Investments Funds in response to the COVID-19 outbreak,***I,Leg,Proposal for a decision,s,Omarjee,C9-0095/2020,2020/0054/COD,https://www.europarl.europa.eu/doceo/document/TA-9-2020-0050_EN.html,Committee on Regional Development,Regional development,vote: Commission proposal,1.0,,0,RCV,+,681,2,2,63,173,67,61,37,101,141,38,1.016,0.951,0.905,0.836,0.649,0.935,0.916,0.927,1,0,0,0
850,851,32,5,17.04.2020,Specific measures to provide exceptional flexibility for the use of the European Structural and Investments Funds in response to the COVID-19 outbreak,***I,Leg,Draft legislative resolution,s,Omarjee,C9-0095/2020,2020/0054/COD,https://www.europarl.europa.eu/doceo/document/TA-9-2020-0050_EN.html,Committee on Regional Development,Regional development,vote: Commission proposal,1.0,,0,RCV,+,689,6,1,63,173,68,61,40,103,143,38,1.016,0.951,0.919,0.836,0.702,0.954,0.929,0.927,1,0,0,0
851,852,31,1,16.04.2020,Request for urgent procedure - Introduction of specific measures for addressing the COVID-19 crisis,***I,Leg,Proposal for a decision,s,0,C9-0094/2020,2020/0058/COD,https://www.europarl.europa.eu/doceo/document/TA-9-2020-0051_EN.html,Committee on Employment and Social Affairs,Employment & Social Affairs,vote: Commission proposal,1.0,,0,RCV,+,681,2,2,63,173,67,61,37,101,141,38,1.016,0.951,0.905,0.836,0.649,0.935,0.916,0.927,1,0,0,0
857,858,31,1,16.04.2020,Request for urgent procedure - Specific measures to mitigate the impact of the COVID-19 outbreak in the fishery and aquaculture sector,***I,Leg,Proposal for a decision,s,Karleskind,C9-0093/2020,2020/0059/COD,https://www.europarl.europa.eu/doceo/document/TA-9-2020-0052_EN.html,Committee on Fisheries,Fisheries,vote: Commission proposal,1.0,,0,RCV,+,664,6,15,62,173,66,51,35,101,141,35,1.0,0.951,0.892,0.699,0.614,0.935,0.916,0.854,1,0,0,0
875,876,31,1,16.04.2020,Request for urgent procedure - Medical devices,***I,Leg,Proposal for a decision,s,Nicholsonová,C9-0098/2020,2020/0060/COD,https://www.europarl.europa.eu/doceo/document/TA-9-2020-0053_EN.html,"Committee on the Environment, Public Health and Food Safety ",Environment & public health,vote: Commission proposal,1.0,,0,RCV,+,680,3,2,63,173,67,61,36,101,141,38,1.016,0.951,0.905,0.836,0.632,0.935,0.916,0.927,1,0,0,0
880,881,32,6,17.04.2020,Medical devices,***I,Leg,Draft legislative resolution,s,Nicholsonová,C9-0098/2020,2020/0060/COD,https://www.europarl.europa.eu/doceo/document/PV-9-2020-04-17_EN.pdf,"Committee on the Environment, Public Health and Food Safety",Environment & public health,vote: Commission proposal,1.0,,0,RCV,+,693,1,2,63,174,69,65,38,103,143,38,1.016,0.956,0.932,0.89,0.667,0.954,0.929,0.927,1,0,0,0
881,882,31,1,16.04.2020,Regulation Amendmentending the Multiannual financial framework 2014-2020,***I,Leg,Draft legislative resolution,s,Olbrycht/Marques,C9-0110/202,2020/0055/APP,https://www.europarl.europa.eu/doceo/document/PV-9-2020-04-16_EN.pdf,Committee on Budgets,Budget,single vote,1.0,,0,RCV,+,464,11,4,49,95,39,48,31,80,95,27,0.79,0.522,0.527,0.658,0.544,0.741,0.617,0.659,0,0,0,0
990,991,33,1,13.05.2020,Request for urgent procedure - Macro-financial assistance to enlargement and neighbourhood partners in the context of the Covid-19 pandemic crisis,***I,Leg,Draft legislative resolution,s,0,C9-0119/2020,2020/0065/COD,https://www.europarl.europa.eu/doceo/document/TA-9-2020-0125_EN.html,Committee on International Trade ,International trade,C9-0119/2020 - 2020/0065(COD),1.0,,0,RCV,+,602,80,7,55,172,68,4,27,102,140,34,0.887,0.945,0.919,0.055,0.474,0.944,0.909,0.829,1,0,0,0
994,995,35,5,15.05.2020,Macro-financial assistance to enlargement and neighbourhood partners in the context of the Covid-19 pandemic crisis,***I,Leg,Draft legislative resolution,s,0,C9-0119/2020,2020/0065/COD,https://www.europarl.europa.eu/doceo/document/PV-9-2020-05-15_EN.pdf,Committee on International Trade ,International trade,Vote: Commission proposal,1.0,,0,RCV,+,547,93,47,46,171,70,0,28,102,130,0,0.742,0.94,0.946,0.0,0.491,0.944,0.844,0.0,1,0,0,0
995,996,33,1,13.05.2020,Request for urgent procedure - Temporary measures concerning the general meetings of European companies (SE) and of European Cooperative Societies (SCE),***,Leg,Draft legislative resolution,s,0,C9-0133/2020,2020/0073/APP,https://www.europarl.europa.eu/doceo/document/PV-9-2020-05-13_EN.pdf,Committee on Legal Affairs,Legal Affairs,C9-0133/2020 - 2020/0073/APP,1.0,,0,RCV,+,649,36,4,63,174,68,61,33,102,140,8,1.016,0.956,0.919,0.836,0.579,0.944,0.909,0.195,1,0,0,0
996,997,34,2,14.05.2020,Temporary measures concerning the general meetings of European companies (SE) and of European Cooperative Societies (SCE),***,Leg,Draft legislative resolution,s,0,C9-0133/2020,2020/0073/APP,https://www.europarl.europa.eu/doceo/document/PV-9-2020-05-14_EN.pdf,Committee on Legal affairs,Legal affairs,vote: consent,1.0,,0,RCV,+,657,30,6,63,176,69,63,36,102,140,8,1.016,0.967,0.932,0.863,0.632,0.944,0.909,0.195,1,0,0,0
997,998,33,1,13.05.2020,Request for urgent procedure - Temporary measures concerning the operation of air services,***I,Leg,Draft legislative resolution,s,0,C9-0124/2020,2020/0069/COD,https://www.europarl.europa.eu/doceo/document/PV-9-2020-05-13_EN.pdf,Committee on Transport and Tourism,Transport & tourism,C9-0124/2020 - 2020/0069(COD),1.0,,0,RCV,+,587,98,4,63,175,5,62,31,101,138,12,1.016,0.962,0.068,0.849,0.544,0.935,0.896,0.293,1,0,0,0
1008,1009,35,12,15.05.2020,Temporary measures concerning the operation of air services,***I,Leg,Draft legislative resolution,s,0,C9-0124/2020,2020/0069/COD,https://www.europarl.europa.eu/doceo/document/PV-9-2020-05-15_EN.pdf,Committee on Transport and Tourism,Transport & tourism,Vote: Commission proposal,1.0,,0,RCV,+,641,29,17,60,176,69,62,34,102,130,8,0.968,0.967,0.932,0.849,0.596,0.944,0.844,0.195,1,0,0,0
1009,1010,33,1,13.05.2020,Request for urgent procedure -  Temporary measures concerning the validity of certificates and licences (omnibus),***I,Leg,Draft legislative resolution,s,0,C9-0126/2020,2020/0068/COD,https://www.europarl.europa.eu/doceo/document/PV-9-2020-05-13_EN.pdf,Committee on Transport and Tourism,Transport & tourism,C9-0126/2020 - 2020/0068(COD),1.0,,0,RCV,+,612,73,4,64,175,5,62,32,101,140,33,1.032,0.962,0.068,0.849,0.561,0.935,0.909,0.805,1,0,0,0
1015,1016,35,1,15.05.2020,Temporary measures concerning the validity of certificates and licences (omnibus),***I,Leg,Draft legislative resolution,s,0,C9-0126/2020,2020/0068/COD,https://www.europarl.europa.eu/doceo/document/PV-9-2020-05-15_EN.pdf,Committee on Transport and Tourism,Transport & tourism,Vote: Commission proposal,1.0,0,0,RCV,+,669,11,8,61,176,69,63,37,102,125,36,0.984,0.967,0.932,0.863,0.649,0.944,0.812,0.878,1,0,0,0
1016,1017,33,1,13.05.2020,Request for urgent procedure -  Port infrastructure charges,***I,Leg,Draft legislative resolution,s,0,C9-0123/2020,2020/0067/COD,https://www.europarl.europa.eu/doceo/document/PV-9-2020-05-13_EN.pdf,Committee on Transport and Tourism,Transport & tourism,C9-0123/2020 - 2020/0067(COD),1.0,,0,RCV,+,596,90,3,63,175,5,62,32,101,128,30,1.016,0.962,0.068,0.849,0.561,0.935,0.831,0.732,1,0,0,0
1025,1026,34,10,15.05.2020,Port infrastructure charges,***I,Leg,Draft legislative resolution,s,0,C9-0123/2020,2020/0067/COD,https://oeil.secure.europarl.europa.eu/oeil/popups/ficheprocedure.do?lang=en&reference=2020/0067(COD),Committee on Transport and Tourism,Transport & tourism,Vote: Commission proposal,1.0,,0,RCV,+,531,141,16,20,167,6,63,33,98,122,22,0.323,0.918,0.081,0.863,0.579,0.907,0.792,0.537,1,0,0,0
1026,1027,33,1,13.05.2020,Request for urgent procedure -  4th railway package: extension of the transposition periods,***I,Leg,Draft legislative resolution,s,0,C9-0125/2020,2020/0071/COD,https://www.europarl.europa.eu/doceo/document/PV-9-2020-05-13_EN.pdf,Committee on Transport and Tourism,Transport & tourism, C9-0125/2020 - 2020/0071(COD),1.0,,0,RCV,+,611,75,3,64,175,5,59,30,101,140,37,1.032,0.962,0.068,0.808,0.526,0.935,0.909,0.902,1,0,0,0
1038,1039,35,13,15.05.2020,4th railway package: extension of the transposition periods,***I,Leg,Draft legislative resolution,s,0,C9-0125/2020,2020/0071/COD,https://www.europarl.europa.eu/doceo/document/PV-9-2020-05-15_EN.pdf,Committee on Transport and Tourism,Transport & tourism,Vote: Commission proposal,1.0,,0,RCV,+,644,6,38,56,175,66,60,27,96,129,35,0.903,0.962,0.892,0.822,0.474,0.889,0.838,0.854,1,0,0,0
1039,1040,33,1,13.05.2020,EU-Montenegro status agreement on actions carried out by the European Border and Coast Guard Agency in Montenegro,***,Leg,Draft legislative resolution,s,Vollath,A9-0018/2020,2019/0043/NLE,https://www.europarl.europa.eu/doceo/document/A-9-2020-0018_EN.html,"Committee on Civil Liberties, Justice and Home Affairs","Civil liberties, justice & home affairs",vote: consent,1.0,,0,RCV,+,568,109,11,61,174,5,60,29,101,137,1,0.984,0.956,0.068,0.822,0.509,0.935,0.89,0.024,1,0,0,0
1040,1041,33,1,13.05.2020,EU-Serbia status agreement on actions carried out by the European Border and Coast Guard Agency in Serbia,***,Leg,Draft legislative resolution,s,Vollath,A9-0019/2020,2018/0409/NLE,https://www.europarl.europa.eu/doceo/document/A-9-2020-0019_EN.html,"Committee on Civil Liberties, Justice and Home Affairs","Civil liberties, justice & home affairs",vote: consent,1.0,,0,RCV,+,569,109,13,61,174,5,60,29,101,138,1,0.984,0.956,0.068,0.822,0.509,0.935,0.896,0.024,1,0,0,0
1041,1042,33,1,13.05.2020,Renewal of the EU-India Agreement for scientific and technological cooperation,***,Leg,Draft legislative resolution,s,Buşoi,A9-0096/2020,2020/0015/NLE,https://www.europarl.europa.eu/doceo/document/A-9-2020-0096_EN.html,"Committee on Industry, Research and Energy","Industry, Research & Energy",vote: consent,1.0,,0,RCV,+,663,16,11,61,175,67,58,33,102,128,39,0.984,0.962,0.905,0.795,0.579,0.944,0.831,0.951,1,0,0,0
1042,1043,33,1,13.05.2020,Renewal of the EU-Ukraine Agreement on cooperation in science and technology,***,Leg,Draft legislative resolution,s,Buşoi,A9-0095/2020,2020/0016/NLE,https://www.europarl.europa.eu/doceo/document/A-9-2020-0095_EN.html,"Committee on Industry, Research and Energy","Industry, Research & Energy",vote: consent,1.0,,0,RCV,+,671,10,9,61,175,67,58,33,102,139,36,0.984,0.962,0.905,0.795,0.579,0.944,0.903,0.878,1,0,0,0
1043,1044,33,1,13.05.2020,EU-Belarus Agreement on readmission of persons residing without authorisation,***,Leg,Draft legislative resolution,s,Vitanov,A9-0097/2020,2019/0181/NLE,https://www.europarl.europa.eu/doceo/document/A-9-2020-0097_EN.html,"Committee on Civil Liberties, Justice and Home Affairs","Civil liberties, justice & home affairs",vote: consent,1.0,,0,RCV,+,560,117,13,64,174,6,60,30,101,124,1,1.032,0.956,0.081,0.822,0.526,0.935,0.805,0.024,1,0,0,0
1044,1045,33,1,13.05.2020,EU-Belarus Agreement on facilitation of issuance of visas,***,Leg,Draft legislative resolution,s,Kovařík,A9-0090/2020,2019/0182/NLE,https://www.europarl.europa.eu/doceo/document/A-9-2020-0090_EN.html,"Committee on Civil Liberties, Justice and Home Affairs","Civil liberties, justice & home affairs",vote: consent,1.0,,0,RCV,+,634,48,4,57,174,66,28,32,102,137,38,0.919,0.956,0.892,0.384,0.561,0.944,0.89,0.927,1,0,0,0
1045,1046,33,1,13.05.2020,Amending the International Convention for the Conservation of Atlantic Tunas (ICCAT) - Protocol,***,Leg,Draft legislative resolution,s,Conte,A9-0089/2020,2019/0225/NLE,https://www.europarl.europa.eu/doceo/document/A-9-2020-0089_EN.html,Committee on Fisheries,Fisheries,vote: consent,1.0,,0,RCV,+,667,2,13,63,174,68,54,36,102,131,39,1.016,0.956,0.919,0.74,0.632,0.944,0.851,0.951,1,0,0,0
1046,1047,33,1,13.05.2020,EC-Mauritania Fisheries Partnership Agreement: fishing opportunities and financial contribution. Extension of the Protocol,***,Leg,Draft legislative resolution,s,Aguilera,A9-0088/2020,2019/0210/NLE,https://www.europarl.europa.eu/doceo/document/A-9-2020-0088_EN.html,Committee on Fisheries,Fisheries,vote: consent,1.0,,0,RCV,+,575,58,57,58,170,64,2,19,100,139,23,0.935,0.934,0.865,0.027,0.333,0.926,0.903,0.561,1,0,0,0
1048,1049,33,1,13.05.2020,International road passenger transport services by coach and bus in the border regions: cabotage operations between Germany and Switzerland,***I,Leg,Draft legislative resolution,s,Ferber,A9-0006/2020,2019/0107/COD,https://www.europarl.europa.eu/doceo/document/A-9-2020-0006_EN.html,Committee on Transport and Tourism,Transport & tourism,single vote,1.0,,0,RCV,+,676,1,13,64,174,68,60,34,102,140,34,1.032,0.956,0.919,0.822,0.596,0.944,0.909,0.829,1,0,0,0
1049,1050,33,1,13.05.2020,International road passenger transport services by coach and bus in the border regions: cabotage operations between Italy and Switzerland,***I,Leg,Draft legislative resolution,s,Ferber,A9-0007/2020,2019/0108/COD,https://www.europarl.europa.eu/doceo/document/A-9-2020-0007_EN.html,Committee on Transport and Tourism,Transport & tourism,single vote,1.0,,0,RCV,+,678,1,12,64,175,68,61,34,102,140,34,1.032,0.962,0.919,0.836,0.596,0.944,0.909,0.829,1,0,0,0
1346,1347,35,1,15.05.2020,Transitional provisions for the support by the European Agricultural Fund for Rural Development (EAFRD) and by the European Agricultural Guarantee Fund (EAGF) in the year 2021 (AGRI)Decision to enter into interinstitutional negotiations,***I,Leg,Draft legislative resolution,s,Katainen,A9-0101/2020,2019/0254/COD,https://www.europarl.europa.eu/doceo/document/A-9-2020-0101_EN.html,Committee on Agriculture and Rural Development,Agriculture,vote: resolution (as a whole),1.0,,0,RCV,+,549,124,15,57,167,4,60,32,93,120,16,0.919,0.918,0.054,0.822,0.561,0.861,0.779,0.39,1,0,0,0
1354,1355,38,3,19.06.2020,Exceptional temporary support under EAFRD in response to the COVID-19 outbreak (Amendment of Regulation (EU) No 1305/2013),***I,Leg,Draft legislative resolution,s,Lins,C9-0128/2020,2020/0075/COD,https://www.europarl.europa.eu/doceo/document/PV-9-2020-06-19_EN.pdf,Committee on Agriculture and Rural Development,Agriculture,Vote: Commission proposal,1.0,,0,RCV,+,636,21,8,58,169,49,58,31,99,135,37,0.935,0.929,0.662,0.795,0.544,0.917,0.877,0.902,1,0,0,0
1436,1437,36,1,17.06.2020,Protocol on the implementation of the Fisheries Partnership Agreement between the European Community and the Republic of Cape Verde (2019-2024),***,Leg,Draft legislative resolution,s,Monteiro de Aguiar,A9-0024/2020,2019/0078/NLE,https://www.europarl.europa.eu/doceo/document/A-9-2020-0024_EN.html,Committee on Fisheries,Fisheries,vote: consent,1.0,,0,RCV,+,510,127,51,55,170,3,1,14,100,141,26,0.887,0.934,0.041,0.014,0.246,0.926,0.916,0.634,1,0,0,0
1438,1439,36,1,17.06.2020,Protocol on the implementation of the Fisheries Partnership Agreement between the European Community and Guinea-Bissau (2019-2024),***,Leg,Draft legislative resolution,s,Ferreira,A9-0012/2020,2019/0090/NLE,https://www.europarl.europa.eu/doceo/document/A-9-2020-0012_EN.html,Committee on Fisheries,Fisheries,vote: consent,1.0,,0,RCV,+,537,64,87,56,173,2,25,14,100,141,26,0.903,0.951,0.027,0.342,0.246,0.926,0.916,0.634,1,0,0,0
1440,1441,36,1,17.06.2020,Protocol on the implementation of the Fisheries Partnership Agreement between São Tomé and Príncipe and the European Community,***,Leg,Draft legislative resolution,s,Melo,A9-0001/2020,2019/0173/NLE,https://www.europarl.europa.eu/doceo/document/A-9-2020-0001_EN.html,Committee on Fisheries,Fisheries,vote: consent,1.0,,0,RCV,+,589,51,48,55,171,67,1,24,102,143,26,0.887,0.94,0.905,0.014,0.421,0.944,0.929,0.634,1,0,0,0
1441,1442,36,1,17.06.2020,EU-Swiss Confederation Agreement on the modification of Switzerland’s WTO concessions (Article XXVIII of the GATT 1994) with regard to seasoned meat ,***,Leg,Draft legislative resolution,s,Warborn,A9-0092/2020,2019/0196/NLE,https://www.europarl.europa.eu/doceo/document/A-9-2020-0092_EN.html,Committee on International Trade,International trade,vote: consent,1.0,,0,RCV,+,682,2,4,61,174,66,62,36,102,143,38,0.984,0.956,0.892,0.849,0.632,0.944,0.929,0.927,1,0,0,0
1447,1448,36,1,17.06.2020,Conclusion of the EU-Moldova Common Aviation Area Agreement,***,Leg,Draft legislative resolution,s,Zīle,A9-0084/2020,2012/0006/NLE,https://www.europarl.europa.eu/doceo/document/A-9-2020-0084_EN.html,Committee on Transport and Tourism,Transport & tourism,vote: consent,1.0,,0,RCV,+,654,10,24,61,174,67,44,33,102,143,30,0.984,0.956,0.905,0.603,0.579,0.944,0.929,0.732,1,0,0,0
1448,1449,36,1,17.06.2020,Amendment of the EU-Moldova Common Aviation Area Agreement (accession of Croatia),***,Leg,Draft legislative resolution,s,Zīle,A9-0083/2020,2015/0035/NLE,https://www.europarl.europa.eu/doceo/document/A-9-2020-0083_EN.html,Committee on Transport and Tourism,Transport & tourism,vote: consent,1.0,,0,RCV,+,655,9,24,61,174,67,44,33,102,143,31,0.984,0.956,0.905,0.603,0.579,0.944,0.929,0.756,1,0,0,0
1449,1450,36,1,17.06.2020,Amendment of the EU-Morocco Euro-Mediterranean Aviation Agreement (accession of Bulgaria and Romania),***,Leg,Draft legislative resolution,s,Schulze,A9-0005/2020,2007/0181/NLE,https://www.europarl.europa.eu/doceo/document/A-9-2020-0005_EN.html,Committee on Transport and Tourism,Transport & tourism,vote: consent,1.0,,0,RCV,+,623,26,39,61,174,66,44,28,102,133,15,0.984,0.956,0.892,0.603,0.491,0.944,0.864,0.366,1,0,0,0
1450,1451,36,1,17.06.2020,Conclusion of the EU-Jordan Euro-Mediterranean Aviation agreement,***,Leg,Draft legislative resolution,s,Ameriks,A9-0086/2020,2010/0180/NLE,https://www.europarl.europa.eu/doceo/document/A-9-2020-0086_EN.html,Committee on Transport and Tourism,Transport & tourism,vote: consent,1.0,,0,RCV,+,653,10,25,61,174,67,44,32,102,143,30,0.984,0.956,0.905,0.603,0.561,0.944,0.929,0.732,1,0,0,0
1451,1452,36,1,17.06.2020,Conclusion of the EU-China Civil Aviation Safety Agreement,***,Leg,Draft legislative resolution,s,Poręba,A9-0087/2020,2018/0155/NLE,https://www.europarl.europa.eu/doceo/document/A-9-2020-0087_EN.html,Committee on Transport and Tourism,Transport & tourism,vote: consent,1.0,,0,RCV,+,645,13,30,60,172,66,40,28,102,140,37,0.968,0.945,0.892,0.548,0.491,0.944,0.909,0.902,1,0,0,0
1452,1453,36,1,17.06.2020,Conclusion of the EU-Georgia Common Aviation Area Agreement,***,Leg,Draft legislative resolution,s,Ameriks,A9-0082/2020,2010/0186/NLE,https://www.europarl.europa.eu/doceo/document/A-9-2020-0082_EN.html,Committee on Transport and Tourism,Transport & tourism,vote: consent,1.0,,0,RCV,+,653,10,25,61,174,67,44,32,102,143,30,0.984,0.956,0.905,0.603,0.561,0.944,0.929,0.732,1,0,0,0
1929,1930,39,1,08.07.2020,Requests on urgent procedures - Transitional provisions in order to address the impact of COVID-19 crisis (Amendment of Regulation (EU) 2016/1628),***I,Leg,Draft legislative resolution,s,0,C9-0161/2020,2020/0113/COD,https://oeil.secure.europarl.europa.eu/oeil/popups/ficheprocedure.do?lang=en&reference=2020/0113(COD),"Committee on Environment, Public Health and Food Safety",Environment & public health,C9-0161/2020 - 2020/0113(COD),1.0,,0,RCV,+,671,16,7,64,175,67,63,34,100,143,25,1.032,0.962,0.905,0.863,0.596,0.926,0.929,0.61,1,0,0,0
1935,1936,41,7,10.07.2020,Transitional provisions in order to address the impact of COVID-19 crisis (Amendment of Regulation (EU) 2016/1628),***I,Leg,Draft legislative resolution,s,0,C9-0161/2020,2020/0113/COD,https://oeil.secure.europarl.europa.eu/oeil/popups/ficheprocedure.do?lang=en&reference=2020/0113(COD),"Committee on Environment, Public Health and Food Safety",Environment & public health,Vote: Commission proposal,1.0,,0,RCV,+,653,17,11,63,169,67,64,30,100,140,20,1.016,0.929,0.905,0.877,0.526,0.926,0.909,0.488,1,0,0,0
1936,1937,39,1,08.07.2020,Requests on urgent procedures - Conduct of clinical trials with and supply of medicinal products for human use containing or consisting of genetically modified organisms intended to treat or prevent coronavirus disease,***I,Leg,Draft legislative resolution,s,0,C9-0185/2020,2020/0128/COD,https://www.europarl.europa.eu/doceo/document/TA-9-2020-0203_EN.html#title1,"Committee on Environment, Public Health and Food Safety",Environment & public health,C9-0185/2020 2020/0128(COD),1.0,,0,RCV,+,618,62,13,62,171,58,50,25,100,141,11,1.0,0.94,0.784,0.685,0.439,0.926,0.916,0.268,1,0,0,0
1937,1938,39,1,08.07.2020,Amending Regulation (EU) No 1303/2013 as regards the resources for the specific allocation for the Youth Employment Initiative,***I,Leg,Draft legislative resolution,s,Omarjee,A9-0111/2020,2020/0086/COD,https://www.europarl.europa.eu/doceo/document/A-9-2020-0111_EN.html,Committee on Regional Development,Regional development,single vote,1.0,,0,RCV,+,650,19,26,48,168,68,47,36,102,143,38,0.774,0.923,0.919,0.644,0.632,0.944,0.929,0.927,1,0,0,0
2121,2122,40,1,09.07.2020,"European citizens’ initiative: temporary measures concerning the time limits for the collection, verification and exAmendmentination stages in view of the COVID-19 outbreak",***I,Leg,Draft legislative resolution,s,Vincze,C9-0142/2020,2020/0099/COD,https://oeil.secure.europarl.europa.eu/oeil/popups/ficheprocedure.do?lang=en&reference=2020/0099(COD),Committee on Constitutional Affairs,Constitutional and inter-institutional affairs,Provisional agreement,0.0,15,committee,RCV,+,684,7,3,58,175,70,63,34,102,143,39,0.935,0.962,0.946,0.863,0.596,0.944,0.929,0.951,1,0,0,0
2323,2324,43,1,14.09.2020,Sustainable rail market in view of COVID-19 outbreak,***I,Leg,Draft legislative resolution,s,0,C9-0186/2020,2020/0127/COD,https://oeil.secure.europarl.europa.eu/oeil/popups/ficheprocedure.do?lang=en&reference=2020/0127(COD),Committee on Transport and Tourism,Transport & tourism,2020/0127/COD,1.0,,0,RCV,+,679,3,4,62,176,67,62,34,101,139,38,1.0,0.967,0.905,0.849,0.596,0.935,0.903,0.927,1,0,0,0
2723,2724,46,12,17.09.2020,Regulation establishing measures for a sustainable rail market in view of the COVID-19 pandemic,***I,Leg,Motion for resolution,s,0,C9-0186/2020,2020/0127/COD,https://oeil.secure.europarl.europa.eu/oeil/popups/ficheprocedure.do?lang=en&reference=2020/0127(COD),Committee on Transport and Tourism,Transport & tourism,Vote: Commission proposal,1.0,,0,RCV,+,678,3,5,63,174,67,60,33,101,141,39,1.016,0.956,0.905,0.822,0.579,0.935,0.916,0.951,1,0,0,0
2829,2830,50,3,08.10.2020,Application of railway safety and interoperability rules within the Channel tunnel,***I,Leg,Draft legislative resolution,s,0,C9-0212/2020,2020/0161/COD,https://oeil.secure.europarl.europa.eu/oeil/popups/ficheprocedure.do?lang=en&reference=2020/0161(COD),Committee on Transport and Tourism,Transport & tourism,Vote: Commission proposal,1.0,,0,RCV,+,687,4,4,62,175,69,60,37,103,142,39,1.0,0.962,0.932,0.822,0.649,0.954,0.922,0.951,1,0,0,0
2832,2833,50,3,08.10.2020,Decision empowering France to conclude an international agreement concerning the Channel tunnel,***I,Leg,Draft legislative resolution,s,0,C9-0211/2020,2020/0160/COD,https://oeil.secure.europarl.europa.eu/oeil/popups/ficheprocedure.do?lang=en&reference=2020/0160(COD),Committee on Transport and Tourism,Transport & tourism,Vote: Commission proposal,1.0,,0,RCV,+,687,3,4,63,175,68,61,36,103,142,39,1.016,0.962,0.919,0.836,0.632,0.954,0.922,0.951,1,0,0,0
2834,2835,50,2,08.10.2020,Organic production: date of application and certain other dates,***I,Leg,Draft legislative resolution,s,0,C9-0286/2020,2020/0231/COD,https://oeil.secure.europarl.europa.eu/oeil/popups/ficheprocedure.do?lang=en&reference=2020/0231(COD),Committee on Agriculture and Rural Development,Agriculture,Vote: Commission proposal,1.0,,0,RCV,+,683,3,8,63,175,68,62,33,103,142,37,1.016,0.962,0.919,0.849,0.579,0.954,0.922,0.902,1,0,0,0
2835,2836,47,1,05.10.2020,European Parliament delegation to the Conciliation Committee,***I,Leg,Draft legislative resolution,s,Brudziński,A9-0171/2020,2020/0140/COD,https://www.europarl.europa.eu/doceo/document/A-9-2020-0171_EN.html,"Committee on Civil Liberties, Justice and Home Affairs","Civil liberties, justice & home affairs",single vote,1.0,,0,RCV,+,634,39,16,57,176,68,25,29,102,140,37,0.919,0.967,0.919,0.342,0.509,0.944,0.909,0.902,1,0,0,0
3259,3260,51,1,19.10.2020,Amending Regulation (EU) No 168/2013 as regards specific measures on L-category end-of-series vehicles in response to the COVID-19 pandemic,***I,Leg,Draft legislative resolution,s,Grapini,A9-0190/2020,2020/0251/COD,https://www.europarl.europa.eu/doceo/document/A-9-2020-0190_EN.html,Committee on the Internal Market and Consumer Protection,Internal market & consumer protection,single vote,1.0,,0,RCV,+,677,4,6,63,171,68,63,37,103,140,32,1.016,0.94,0.919,0.863,0.649,0.954,0.909,0.78,1,0,0,0
4495,4496,56,1,11.11.2020,Introducing exceptional trade measures for countries and territories participating in or linked to the European Union's Stabilisation and Association process,***I,Leg,Draft legislative resolution,s,Maurel,A9-0175/2020,2020/0051/COD,https://www.europarl.europa.eu/doceo/document/A-9-2020-0175_EN.html,Committee on International Trade,International trade,single vote,1.0,,0,RCV,+,604,33,49,52,167,71,13,31,100,140,30,0.839,0.918,0.959,0.178,0.544,0.926,0.909,0.732,1,0,0,0
4499,4500,56,1,11.11.2020,EU/Senegal Fisheries Partnership Agreement: implementation of the Agreement. Protocol,***,Leg,Draft legislative resolution,s,Bilbao Barandica,A9-0180/2020,2019/0226/NLE,https://www.europarl.europa.eu/doceo/document/A-9-2020-0180_EN.html,Committee on Fisheries,Fisheries,vote: consent,1.0,,0,RCV,+,524,47,115,58,169,2,26,17,97,135,20,0.935,0.929,0.027,0.356,0.298,0.898,0.877,0.488,1,0,0,0
4501,4502,56,1,11.11.2020,EU/Seychelles Sustainable Fisheries Partnership Agreement and Implementation. Protocol (2020-2026),***,Leg,Draft legislative resolution,s,Roose,A9-0185/2020,2020/0002/NLE,https://www.europarl.europa.eu/doceo/document/A-9-2020-0185_EN.html,Committee on Fisheries,Fisheries,vote: consent,1.0,,0,RCV,+,504,70,112,57,169,2,26,17,97,136,0,0.919,0.929,0.027,0.356,0.298,0.898,0.883,0.0,1,0,0,0
4502,4503,56,1,11.11.2020,Agreement between the European Union and the government of the People's Republic of China,***,Leg,Draft legislative resolution,s,Winkler,A9-0199/2020,2020/0089/NLE,https://www.europarl.europa.eu/doceo/document/A-9-2020-0199_EN.html,Committee on International Trade,International trade,vote: consent,1.0,,0,RCV,+,645,22,18,60,168,52,60,34,98,134,39,0.968,0.923,0.703,0.822,0.596,0.907,0.87,0.951,1,0,0,0
4505,4506,56,1,11.11.2020,"Introduction of capacity limits for Eastern Baltic cod, data collection and control measures in the Baltic Sea and permanent cessation for fleets fishing for Eastern Baltic cod",***I,Leg,Draft legislative resolution,s,Herbst,A9-0093/2020,2019/0246/COD,https://www.europarl.europa.eu/doceo/document/A-9-2020-0093_EN.html,Committee on Fisheries,Fisheries,Provisional agreement,0.0,20,committee,RCV,+,587,22,77,59,166,71,19,26,100,140,6,0.952,0.912,0.959,0.26,0.456,0.926,0.909,0.146,1,0,0,0
4506,4507,56,1,11.11.2020,Enhanced cooperation between Public Employment Services (PES),***I,Leg,Draft legislative resolution,s,Pizarro,A9-0128/2020,2019/0188/COD,https://www.europarl.europa.eu/doceo/document/A-9-2020-0128_EN.html,Committee on Employment and Social Affairs,Employment & Social Affairs,Provisional agreement,0.0,28,committee,RCV,+,627,28,31,53,170,71,24,30,100,140,39,0.855,0.934,0.959,0.329,0.526,0.926,0.909,0.951,1,0,0,0
4853,4854,62,3,26.11.2020,Union General Export Authorisation for the export of certain dual-use items from the Union to the United Kingdom of Great Britain and Northern Ireland,***I,Leg,Draft legislative resolution,s,Lange,C9-0345/2020,2020/0313/COD,https://oeil.secure.europarl.europa.eu/oeil/popups/ficheprocedure.do?lang=en&reference=2020/0313(COD),Committee on International Trade,International trade,Vote: Commission proposal,1.0,,0,RCV,+,653,10,31,64,174,71,62,35,100,141,6,1.032,0.956,0.959,0.849,0.614,0.926,0.916,0.146,1,0,0,0
5151,5152,62,2,26.11.2020,Elimination of customs duties on certain products,***I,Leg,Draft legislative resolution,s,Lange,A9-0217/2020,2020/0253/COD,https://www.europarl.europa.eu/doceo/document/A-9-2020-0217_EN.html,Committee on International Trade,International trade,vote: resolution (as a whole),1.0,,0,RCV,+,638,45,11,60,174,69,62,33,99,141,0,0.968,0.956,0.932,0.849,0.579,0.917,0.916,0.0,1,0,0,0
5200,5201,66,2,17.12.2020,Certain aspects of railway safety and connectivity with regard to the Channel Tunnel,***I,Leg,Draft legislative resolution,s,0,C9-0379/2020,2020/0347/COD,https://oeil.secure.europarl.europa.eu/oeil/popups/ficheprocedure.do?lang=en&reference=2020/0347(COD),Committee on Transport and Tourism ,Transport & tourism,Vote: Commission proposal,1.0,,0,RCV,+,684,3,2,63,174,70,60,39,98,142,38,1.016,0.956,0.946,0.822,0.684,0.907,0.922,0.927,1,0,0,0
5201,5202,63,1,14.12.2020,"Management, conservation and control measures applicable in the Inter-American Tropical Tuna Convention area",***I,Leg,Draft legislative resolution,s,Ferreira,A9-0231/2020,2020/0139/COD,https://www.europarl.europa.eu/doceo/document/A-9-2020-0231_EN.html,Committee on Fisheries,Fisheries,single vote,1.0,,0,RCV,+,663,17,15,59,173,70,46,33,101,142,39,0.952,0.951,0.946,0.63,0.579,0.935,0.922,0.951,1,0,0,0
5202,5203,63,1,14.12.2020,Conclusion of the EU-Japan Civil Aviation Safety Agreement,***,Leg,Draft legislative resolution,s,Monteiro de Aguiar,A9-0239/2020,2019/0275/NLE,https://www.europarl.europa.eu/doceo/document/A-9-2020-0239_EN.html,Committee on Transport and Tourism,Transport & tourism,vote: consent,1.0,,0,RCV,+,678,7,10,64,173,70,62,38,101,142,28,1.032,0.951,0.946,0.849,0.667,0.935,0.922,0.683,1,0,0,0
5203,5204,63,1,14.12.2020,EC/Mauritania Fisheries Partnership Agreement: extension of the Protocol,***,Leg,Draft legislative resolution,s,Schreijer‑Pierik,A9-0244/2020,2020/0274/NLE,https://www.europarl.europa.eu/doceo/document/A-9-2020-0244_EN.html,Committee on Fisheries,Fisheries,vote: consent,1.0,,0,RCV,+,570,38,87,56,170,55,2,26,100,142,19,0.903,0.934,0.743,0.027,0.456,0.926,0.922,0.463,1,0,0,0
5204,5205,63,1,14.12.2020,EU/Cook Islands Sustainable Fisheries Partnership Agreement: extension of the implementation Protocol,***,Leg,Draft legislative resolution,s,Bellamy,A9-0243/2020,2020/0275/NLE,https://www.europarl.europa.eu/doceo/document/A-9-2020-0243_EN.html,Committee on Fisheries,Fisheries,vote: consent,1.0,,0,RCV,+,639,29,27,58,173,70,42,31,101,142,22,0.935,0.951,0.946,0.575,0.544,0.935,0.922,0.537,1,0,0,0
5207,5208,67,3,18.12.2020,Basic road freight and road passenger connectivity at the end of the transition period with regard to the withdrawal of the United Kingdom from the Union,***I,Leg,Draft legislative resolution,s,Danielsson,C9-0399/2020,2020/0362/COD,https://oeil.secure.europarl.europa.eu/oeil/popups/ficheprocedure.do?lang=en&reference=2020/0362(COD),Committee on Transport and Tourism,Transport & tourism,Vote: Commission proposal,1.0,,0,RCV,+,680,4,3,64,172,68,61,36,100,140,39,1.032,0.945,0.919,0.836,0.632,0.926,0.909,0.951,1,0,0,0
5210,5211,67,3,18.12.2020,Air connectivity following the end of the transition period with regard to the withdrawal of the United Kingdom from the Union,***I,Leg,Draft legislative resolution,s,Danielsson,C9-0398/2020,2020/0363/COD,https://oeil.secure.europarl.europa.eu/oeil/popups/ficheprocedure.do?lang=en&reference=2020/0363(COD),Committee on Transport and Tourism,Transport & tourism,Vote: Commission proposal,1.0,,0,RCV,+,680,3,4,64,172,68,61,36,100,140,39,1.032,0.945,0.919,0.836,0.632,0.926,0.909,0.951,1,0,0,0
5213,5214,67,3,18.12.2020,Aviation safety at the end of the transition period with regard to the withdrawal of the United Kingdom from the Union,***I,Leg,Draft legislative resolution,s,Danielsson,C9-0397/2020,2020/0364/COD,https://oeil.secure.europarl.europa.eu/oeil/popups/ficheprocedure.do?lang=en&reference=2020/0364(COD),Committee on Transport and Tourism,Transport & tourism,Vote: Commission proposal,1.0,,0,RCV,+,680,3,4,64,172,68,61,36,100,140,39,1.032,0.945,0.919,0.836,0.632,0.926,0.909,0.951,1,0,0,0
5216,5217,67,3,18.12.2020,Fishing authorisations for Union fishing vessels in United Kingdom waters and fishing operations of United Kingdom fishing vessels in Union waters,***I,Leg,Draft legislative resolution,s,0,C9-0396/2020,2020/0366/COD,https://oeil.secure.europarl.europa.eu/oeil/popups/ficheprocedure.do?lang=en&reference=2020/0366(COD),Committee on Fisheries,Fisheries,Vote: Commission proposal,1.0,,0,RCV,+,677,4,6,63,172,68,61,34,100,140,39,1.016,0.945,0.919,0.836,0.596,0.926,0.909,0.951,1,0,0,0
5222,5223,64,1,15.12.2020,European Year of Rail (2021),***I,Leg,Draft legislative resolution,s,Deparnay-Grunenberg,A9-0191/2020,2020/0035/COD,https://www.europarl.europa.eu/doceo/document/A-9-2020-0191_EN.html,Committee on Transport and Tourism,Transport & tourism,Provisional agreement,0.0,40,committee,RCV,+,684,9,2,60,176,70,62,37,100,140,39,0.968,0.967,0.946,0.849,0.649,0.926,0.909,0.951,1,0,0,0
5223,5224,64,1,15.12.2020,Authorising the Commission to vote in favour of the capital increase of the European Investment Fund,***I,Leg,Draft legislative resolution,s,Van Overtveldt,A9-0253/2020,2020/0343/COD,https://www.europarl.europa.eu/doceo/document/A-9-2020-0253_EN.html,Committee on Budgets,Budget,Van Overtveldt (A9-0253/2020) European Investment Fund,0.0,,0,RCV,+,652,30,13,58,176,70,43,33,100,141,31,0.935,0.967,0.946,0.589,0.579,0.926,0.916,0.756,1,0,0,0
5225,5226,64,1,15.12.2020,Additional resources in the context of the COVID-19 pandemic: REACT-EU,***I,Leg,Draft legislative resolution,s,Novakov/Krehl,A9-0150/2020,2020/0101/COD,https://www.europarl.europa.eu/doceo/document/A-9-2020-0150_EN.html,Committee on Regional Development,Regional Development,Provisional agreement,0.0,61,committee,RCV,+,654,23,17,59,174,69,43,33,99,141,36,0.952,0.956,0.932,0.589,0.579,0.917,0.916,0.878,1,0,0,0
5573,5574,66,1,17.12.2020,Union action for the European Capitals of Culture for the years 2020 to 2033,***I,Leg,Draft legislative resolution,s,0,A9-0201/2020,2020/0179/COD,https://www.europarl.europa.eu/doceo/document/A-9-2020-0201_EN.html,Committee on Culture and Education,Culture & education,Provisional agreement,0.0,2,committee,RCV,+,689,4,3,62,175,71,63,36,101,143,38,1.0,0.962,0.959,0.863,0.632,0.935,0.929,0.927,1,0,0,0
5622,5623,68,1,19.01.2021,Agreement for co-operation in dealing with pollution of the North Sea by oil and other harmful substances (Bonn Agreement): extension of its material and geographical scope of application,***,Leg,Draft legislative resolution,s,Canfin,A9-0268/2020,2020/0205/NLE,https://www.europarl.europa.eu/doceo/document/A-9-2020-0268_EN.html,"Committee on the Environment, Public Health and Food Safety",Environment & public health,vote: consent,1.0,,0,RCV,+,689,1,2,63,172,71,62,40,101,143,37,1.016,0.945,0.959,0.849,0.702,0.935,0.929,0.902,1,0,0,0
5623,5624,68,1,19.01.2021,Exemption of certain third country spot foreign exchange benchmarks and the designation of replacements for certain benchmarks in cessation,***I,Leg,Draft legislative resolution,s,Nagtegaal,A9-0227/2020,2020/0154/COD,https://www.europarl.europa.eu/doceo/document/A-9-2020-0227_EN.html,Committee on Economic and Monetary Affairs,Economic & monetary affairs,Provisional agreement,0.0,2,committee,RCV,+,592,3,98,58,168,71,19,26,100,144,6,0.935,0.923,0.959,0.26,0.456,0.926,0.935,0.146,1,0,0,0
5624,5625,68,1,19.01.2021,Technical Support Instrument,***I,Leg,Draft legislative resolution,s,Geese/Karas/Pîslaru,A9-0173/2020,2020/0103/COD,https://www.europarl.europa.eu/doceo/document/A-9-2020-0173_EN.html,"Committee on Budgets, Committee on Economic and Monetary Affairs",Economic & monetary affairs,Provisional agreement,0.0,2,ECON/BUDG,RCV,+,540,75,77,40,167,70,1,20,100,142,0,0.645,0.918,0.946,0.014,0.351,0.926,0.922,0.0,1,0,0,0
5878,5879,69,1,20.01.2021,FEAD: specific measures to address the COVID-19 crisis,***I,Leg,Draft legislative resolution,s,Ďuriš Nicholsonová,A9-0174/2020,2020/0105/COD,https://www.europarl.europa.eu/doceo/document/A-9-2020-0174_EN.html,Committee on Employment and Social Affairs,Employment & Social Affairs,Provisional agreement,0.0,14,committee,RCV,+,649,7,31,53,171,69,43,35,100,140,38,0.855,0.94,0.932,0.589,0.614,0.926,0.909,0.927,1,0,0,0
6114,6115,71,1,08.02.2021,Control of the acquisition and possession of weapons (codification),***I,Leg,Draft legislative resolution,s,Adamowicz,A9-0010/2021,2020/0029/COD,https://www.europarl.europa.eu/doceo/document/A-9-2021-0010_EN.html,Committee on Legal Affairs,Legal affairs,single vote,1.0,,0,RCV,+,601,77,14,55,169,70,0,26,101,143,37,0.887,0.929,0.946,0.0,0.456,0.935,0.929,0.902,1,0,0,0
6117,6118,73,3,10.02.2021,Slot utilisation rules at Union airports: temporary relief,***I,Leg,Draft legislative resolution,s,0,C9-0420/2020,2020/0358/COD,https://oeil.secure.europarl.europa.eu/oeil/popups/ficheprocedure.do?lang=en&reference=2020/0358(COD),Committee on Transport and Tourism,Transport & tourism,Vote: Commission proposal,1.0,,0,RCV,+,683,3,4,64,170,69,63,35,102,142,38,1.032,0.934,0.932,0.863,0.614,0.944,0.922,0.927,1,0,0,0
6124,6125,73,7,10.02.2021,Temporary measures concerning the validity of certificates and licences (Omnibus II),***I,Leg,Draft legislative resolution,s,0,C9-0004/2021,2021/0012/COD,https://oeil.secure.europarl.europa.eu/oeil/popups/ficheprocedure.do?lang=en&reference=2021/0012(COD)),Committee on Transport and Tourism,Transport & tourism,Vote: Commission proposal,1.0,,0,RCV,+,647,24,19,64,170,69,63,33,102,136,10,1.032,0.934,0.932,0.863,0.579,0.944,0.883,0.244,1,0,0,0
6433,6434,73,1,10.02.2021,Markets in financial instruments,***I,Leg,Draft legislative resolution,s,Ferber,A9-0208/2020,2020/0152/COD,https://www.europarl.europa.eu/doceo/document/A-9-2020-0208_EN.html,Committee on Economic and Monetary Affairs,Economic & monetary affairs,Provisional agreement,0.0,12,committee,RCV,+,339,294,57,59,164,0,2,14,98,2,0,0.952,0.901,0.0,0.027,0.246,0.907,0.013,0.0,0,1,0,0
6578,6579,77,2,10.03.2021,Equivalence of forest reproductive material produced in the UK,***I,Leg,Draft legislative resolution,s,0,C9-0430/2020,2020/0378/COD,https://oeil.secure.europarl.europa.eu/oeil/popups/ficheprocedure.do?lang=en&reference=2020/0378(COD),Committee on Agriculture and Rural Development,Agriculture,Vote: Commission proposal,1.0,,0,RCV,+,617,1,77,64,174,2,63,33,102,142,37,1.032,0.956,0.027,0.863,0.579,0.944,0.922,0.902,1,0,0,0
6580,6581,77,2,10.03.2021,Equivalence of field inspections and equivalence of checks on practices for the maintenance of varieties of agricultural plant species carried out in the UK,***I,Leg,Draft legislative resolution,s,0,C9-0431/2020,2020/0379/COD,https://oeil.secure.europarl.europa.eu/oeil/popups/ficheprocedure.do?lang=en&reference=2020/0379(COD),Committee on Agriculture and Rural Development,Agriculture,Vote: Commission proposal,1.0,,0,RCV,+,621,1,73,64,174,8,62,32,102,142,37,1.032,0.956,0.108,0.849,0.561,0.944,0.922,0.902,1,0,0,0
6825,6826,77,109,10.03.2021,Fisheries control,***I,Leg,Draft legislative resolution,s,Aguilera,A9-0016/2021,2018/0193/COD,https://www.europarl.europa.eu/doceo/document/A-9-2021-0016_EN.html,Committee on Fisheries,Fisheries,Vote: Commission proposal,1.0,,0,RCV,+,401,247,47,7,155,2,1,24,85,121,6,0.113,0.852,0.027,0.014,0.421,0.787,0.786,0.146,1,0,0,0
7087,7088,79,1,24.03.2021,System of own resources of the European Union,***,Leg,Draft legislative resolution,s,Fernandes/Hayer,A9-0047/2021,2018/0132/APP,https://www.europarl.europa.eu/doceo/document/A-9-2021-0047_EN.html,Committee on Budgets,Budget,vote: consent,1.0,,0,RCV,+,560,48,82,24,166,66,0,30,103,141,30,0.387,0.912,0.892,0.0,0.526,0.954,0.916,0.732,1,0,0,0
7407,7408,81,1,26.04.2021,EU/Norway Agreement: modification of concessions on all the tariff-rate quotas included in the EU Schedule CLXXV as a consequence of the United Kingdom's withdrawal from the European Union,***,Leg,Draft legislative resolution,s,Warborn,A9-0035/2021,2020/0230/NLE,https://www.europarl.europa.eu/doceo/document/A-9-2021-0035_EN.html,Committee on International Trade,International trade,vote: consent,1.0,,0,RCV,+,686,2,5,63,173,69,62,35,102,144,38,1.016,0.951,0.932,0.849,0.614,0.944,0.935,0.927,1,0,0,0
7408,7409,81,1,26.04.2021,EU/Honduras Voluntary Partnership Agreement,,Leg,Draft legislative resolution,s,Karlsbro,A9-0053/2021,2020/0157/NLE,https://www.europarl.europa.eu/doceo/document/A-9-2021-0053_EN.html,Committee on International Trade,International trade,vote: consent,1.0,,0,RCV,+,632,23,38,59,173,68,53,32,102,143,2,0.952,0.951,0.919,0.726,0.561,0.944,0.929,0.049,1,0,0,0
7429,7430,82,1,27.04.2021,European Institute of Innovation and Technology ,***I,Leg,Draft legislative resolution,s,Matias,A9-0120/2020,2019/0151/COD,https://www.europarl.europa.eu/doceo/document/A-9-2020-0120_EN.html,"Committee on Industry, Research and Energy","Industry, Research & Energy",Provisional agreement,0.0,163,committee,RCV,+,663,17,19,58,175,70,44,33,103,143,37,0.935,0.962,0.946,0.603,0.579,0.954,0.929,0.902,1,0,0,0
7430,7431,82,1,27.04.2021,Strategic Innovation Agenda of the European Institute of Innovation and Technology,***I,Leg,Draft legislative resolution,s,Carvalho,A9-0121/2020,2019/0152/COD,https://www.europarl.europa.eu/doceo/document/A-9-2020-0121_EN.html,"Committee on Industry, Research and Energy","Industry, Research & Energy",Provisional agreement,0.0,162,committee,RCV,+,673,6,20,58,175,70,53,34,103,143,37,0.935,0.962,0.946,0.726,0.596,0.954,0.929,0.902,1,0,0,0
7431,7432,82,1,27.04.2021,Union Civil Protection Mechanism,***I,Leg,Draft legislative resolution,s,Androulakis,A9-0148/2020,2020/0097/COD,https://www.europarl.europa.eu/doceo/document/A-9-2020-0148_EN.html,"Committee on the Environment, Public Health and Food Safety",Environment & public health,Provisional agreement,0.0,95,committee,RCV,+,641,44,14,57,175,70,27,29,103,143,37,0.919,0.962,0.946,0.37,0.509,0.954,0.929,0.902,1,0,0,0
7432,7433,82,1,27.04.2021,The EU-UK Trade and Cooperation Agreement,***,Leg,Draft legislative resolution,s,Schieder/Hansen,A9-0128/2021,2020/0382/NLE,https://www.europarl.europa.eu/doceo/document/A-9-2021-0128_EN.html,"Committee on Foreign Affairs, Committee on International Trade",Foreign & security policy,vote: consent,1.0,,0,RCV,+,660,5,32,64,172,58,62,36,99,143,26,1.032,0.945,0.784,0.849,0.632,0.917,0.929,0.634,1,0,0,0
8169,8170,84,10,29.04.2021,Rail passengers' rights and obligations,***II,Leg,Draft legislative resolution,s,Liberadzki,A9-0045/2021,2017/0237/COD,https://www.europarl.europa.eu/doceo/document/A-9-2021-0045_EN.html,Committee on Transport and Tourism,Transport & tourism,Recital 37,0.0,1D,0,RCV,-,169,512,17,0,1,71,5,13,5,36,38,0.0,0.005,0.959,0.068,0.228,0.046,0.234,0.927,0,0,0,0
8183,8184,85,1,18.05.2021,Just Transition Fund,***I,Leg,Draft legislative resolution,s,Kefalogiannis,A9-0135/2020,2020/0006/COD,https://www.europarl.europa.eu/doceo/document/A-9-2020-0135_EN.html,Committee on Regional Development,Regional development,Provisional agreement,0.0,105,committee,RCV,+,615,35,46,47,174,70,24,20,101,143,36,0.758,0.956,0.946,0.329,0.351,0.935,0.929,0.878,1,0,0,0
8185,8186,85,1,18.05.2021,"Exchange, assistance and training programme for the protection of the euro against counterfeiting for the period 2021-2027 (Pericles IV programme): extension to the non-participating Member States",***,Leg,Draft legislative resolution,s,Daly,A9-0165/2021,2018/0219/APP,https://www.europarl.europa.eu/doceo/document/A-9-2021-0165_EN.html,"Committee on Civil Liberties, Justice and Home Affairs","Civil liberties, justice & home affairs",vote: consent,1.0,,0,RCV,+,689,3,4,63,174,70,62,37,102,143,38,1.016,0.956,0.946,0.849,0.649,0.944,0.929,0.927,1,0,0,0
8186,8187,85,1,18.05.2021,EU/Cuba Agreement: modification of concessions on all the tariff-rate quotas included in the EU Schedule CLXXV as a consequence of the United Kingdom's withdrawal from the European Union,***,Leg,Draft legislative resolution,s,Mato,A9-0129/2021,2020/0233/NLE,https://www.europarl.europa.eu/doceo/document/A-9-2021-0129_EN.html,Committee on International Trade,International trade,vote: consent,1.0,,0,RCV,+,687,1,8,59,174,70,64,37,102,143,38,0.952,0.956,0.946,0.877,0.649,0.944,0.929,0.927,1,0,0,0
8187,8188,85,1,18.05.2021,Protocol to the Euro-Mediterranean Association Agreement EU/Tunisia (accession of Croatia),***,Leg,Draft legislative resolution,s,Gahler,A9-0150/2021,2018/0310/NLE,https://www.europarl.europa.eu/doceo/document/A-9-2021-0150_EN.html,Committee on International Trade,International trade,vote: consent,1.0,,0,RCV,+,608,6,82,62,172,70,7,30,102,143,22,1.0,0.945,0.946,0.096,0.526,0.944,0.929,0.537,1,0,0,0
8188,8189,85,1,18.05.2021,Protocol to the EU/Central America Association Agreement (accession of Croatia),***,Leg,Draft legislative resolution,s,Karski,A9-0148/2021,2020/0024/NLE,https://www.europarl.europa.eu/doceo/document/A-9-2021-0148_EN.html,Committee on International Trade,International trade,vote: consent,1.0,,0,RCV,+,635,5,56,63,174,70,32,31,102,143,20,1.016,0.956,0.946,0.438,0.544,0.944,0.929,0.488,1,0,0,0
8189,8190,85,1,18.05.2021,Agreement EU/USA/Iceland/Norway: Time Limitations on Arrangements for the Provision of Aircraft with Crew,***,Leg,Draft legislative resolution,s,Grapini,A9-0125/2021,2019/0126/NLE,https://www.europarl.europa.eu/doceo/document/A-9-2021-0125_EN.html,Committee on International Trade,International trade,vote: consent,1.0,,0,RCV,+,654,30,12,63,174,70,44,32,102,143,26,1.016,0.956,0.946,0.603,0.561,0.944,0.929,0.634,1,0,0,0
8625,8626,87,19,20.05.2021,The Aarhus Regulation,***I,Leg,Draft legislative resolution,s,Doleschal,A9-0152/2021,2020/0289/COD,https://www.europarl.europa.eu/doceo/document/A-9-2021-0152_EN.html,"Committee on the Environment, Public Health and Food Safety",Environment & public health,Vote: Commission proposal,1.0,,0,RCV,+,553,62,78,2,170,71,0,30,101,142,37,0.032,0.934,0.959,0.0,0.526,0.935,0.922,0.902,1,0,0,0
8727,8728,90,2,09.06.2021,Transitional provisions in order to address the impact of COVID-19 crisis (amendment of Regulation (EU) 2016/1628),***I,Leg,Draft legislative resolution,s,0,C9-0185/2021,2021/0129/COD,https://oeil.secure.europarl.europa.eu/oeil/popups/ficheprocedure.do?lang=en&reference=2021/0129(COD),"Committee on the Environment, Public Health and Food Safety",Environment & public health,Vote: Commission proposal,,,0,RCV,+,647,28,17,62,171,68,61,33,103,142,7,1.0,0.94,0.919,0.836,0.579,0.954,0.922,0.171,1,0,0,0
8728,8729,88,1,07.06.2021,ETIAS consequential amendments: police and judicial cooperation,***I,Leg,Draft legislative resolution,s,Lenaers,A9-0254/2020,2019/0001/COD,https://www.europarl.europa.eu/doceo/document/A-9-2020-0254_EN.html,"Committee on Civil Liberties, Justice and Home Affairs","Civil liberties, justice & home affairs",Provisional agreement,0.0,42,committee,RCV,+,437,120,138,61,173,0,63,32,101,7,0,0.984,0.951,0.0,0.863,0.561,0.935,0.045,0.0,0,1,0,0
8729,8730,88,1,07.06.2021,ETIAS consequential amendments: borders and visa,***I,Leg,Draft legislative resolution,s,Lenaers,A9-0255/2020,2019/0002/COD,https://www.europarl.europa.eu/doceo/document/A-9-2020-0255_EN.html,"Committee on Civil Liberties, Justice and Home Affairs","Civil liberties, justice & home affairs",Provisional agreement,0.0,66,committee,RCV,+,435,119,141,61,173,1,63,32,99,6,0,0.984,0.951,0.014,0.863,0.561,0.917,0.039,0.0,0,1,0,0
9255,9256,92,1,23.06.2021,Conservation and enforcement measures applicable in the Regulatory Area of the Northwest Atlantic Fisheries Organisation (NAFO),***I,Leg,Draft legislative resolution,s,Carvalhais,A9-0220/2020,2020/0095/COD,https://www.europarl.europa.eu/doceo/document/A-9-2020-0220_EN.html,Committee on Fisheries,Fisheries,Provisional agreement,0.0,18,committee,RCV,+,674,2,17,64,170,71,54,35,102,141,37,1.032,0.934,0.959,0.74,0.614,0.944,0.916,0.902,1,0,0,0
9256,9257,92,1,23.06.2021,Cross-border payments in the Union (codification),***I,Leg,Draft legislative resolution,s,Melchior,A9-0202/2021,2020/0145/COD,https://www.europarl.europa.eu/doceo/document/A-9-2021-0202_EN.html,Committee on Legal Affairs,Legal affairs,single vote,1.0,,0,RCV,+,670,1,22,64,170,71,47,35,103,141,39,1.032,0.934,0.959,0.644,0.614,0.954,0.916,0.951,1,0,0,0
9261,9262,92,1,23.06.2021,Regulations and general conditions governing the performance of the Ombudsman’s duties,***,Leg,Draft legislative resolution,s,Rangel,A9-0174/2021,2019/0900/APP,https://www.europarl.europa.eu/doceo/document/A-9-2021-0174_EN.html,Committee on Constitutional Affairs,Constitutional and inter-institutional affairs,vote: resolution (as a whole),1.0,,0,RCV,+,623,9,61,16,165,71,53,35,103,141,39,0.258,0.907,0.959,0.726,0.614,0.954,0.916,0.951,1,0,0,0
9262,9263,92,1,23.06.2021,EU/Thailand Agreement: modification of concessions on all the tariff-rate quotas included in the EU Schedule CLXXV as a consequence of the United Kingdom's withdrawal from the European Union,***,Leg,Draft legislative resolution,s,Hautala,A9-0180/2021,2021/0003/NLE,https://www.europarl.europa.eu/doceo/document/A-9-2021-0180_EN.html,Committee on International Trade,International trade,vote: consent,1.0,,0,RCV,+,638,49,6,64,170,71,20,32,103,141,37,1.032,0.934,0.959,0.274,0.561,0.954,0.916,0.902,1,0,0,0
9263,9264,92,1,23.06.2021,EU/Indonesia Agreement: modification of concessions on all the tariff-rate quotas included in the EU Schedule CLXXV as a consequence of the United Kingdom's withdrawal from the European Union,***,Leg,Draft legislative resolution,s,Hautala,A9-0182/2021,2021/0044/NLE,https://www.europarl.europa.eu/doceo/document/A-9-2021-0182_EN.html,Committee on International Trade,International trade,vote: consent,1.0,,0,RCV,+,685,3,5,64,170,71,63,36,103,141,37,1.032,0.934,0.959,0.863,0.632,0.954,0.916,0.902,1,0,0,0
9264,9265,92,1,23.06.2021,EU/Argentina Agreement: modification of concessions on all the tariff-rate quotas included in the EU Schedule CLXXV as a consequence of the United Kingdom's withdrawal from the European Union,***,Leg,Draft legislative resolution,s,Cañas,A9-0175/2021,2021/0054/NLE,https://www.europarl.europa.eu/doceo/document/A-9-2021-0175_EN.html,Committee on International Trade,International trade,vote: consent,1.0,,0,RCV,+,604,52,37,64,170,71,20,30,103,141,5,1.032,0.934,0.959,0.274,0.526,0.954,0.916,0.122,1,0,0,0
9417,9418,93,1,06.07.2021,Use of technologies for the processing of data for the purpose of combating online child sexual abuse (temporary derogation from Directive 2002/58/EC),***I,Leg,Draft legislative resolution,s,Sippel,A9-0258/2020,2020/0259/COD,https://www.europarl.europa.eu/doceo/document/A-9-2020-0258_EN.html,"Committee on Civil Liberties, Justice and Home Affairs","Civil liberties, justice & home affairs",Provisional agreement,0.0,39,committee,RCV,+,537,133,24,59,173,4,50,28,93,129,1,0.952,0.951,0.054,0.685,0.491,0.861,0.838,0.024,1,0,0,0
9418,9419,93,1,06.07.2021,Recognition of third countries certificates in inland navigation,***I,Leg,Draft legislative resolution,s,Ameriks,A9-0210/2021,2021/0039/COD,https://www.europarl.europa.eu/doceo/document/A-9-2021-0210_EN.html,Committee on Transport and Tourism,Transport & tourism,single vote,1.0,,0,RCV,+,646,24,25,63,173,69,27,30,103,142,39,1.016,0.951,0.932,0.37,0.526,0.954,0.922,0.951,1,0,0,0
9420,9421,93,1,06.07.2021,European Union Agency for Fundamental Rights,***,Leg,Draft legislative resolution,s,Mandl,A9-0227/2021,2020/0112/APP,https://www.europarl.europa.eu/doceo/document/A-9-2021-0227_EN.html,"Committee on Civil Liberties, Justice and Home Affairs","Civil liberties, justice & home affairs",vote: consent,1.0,,0,RCV,+,546,69,79,8,173,69,0,16,103,142,35,0.129,0.951,0.932,0.0,0.281,0.954,0.922,0.854,1,0,0,0
9421,9422,93,1,06.07.2021,Interbus agreement: Protocol on international regular and special regular carriage of passengers by coach and bus,***,Leg,Draft legislative resolution,s,Grapini,A9-0176/2021,2020/0258/NLE,https://www.europarl.europa.eu/doceo/document/A-9-2021-0176_EN.html,Committee on Transport and Tourism,Transport & tourism,vote: consent,1.0,,0,RCV,+,613,29,53,60,173,69,1,30,103,142,35,0.968,0.951,0.932,0.014,0.526,0.954,0.922,0.854,1,0,0,0
9440,9441,93,1,06.07.2021,Internal Security Fund,***II,Leg,Draft legislative resolution,s,Hohlmeier,A9-0221/2021,2018/0250/COD,https://www.europarl.europa.eu/doceo/document/A-9-2021-0221_EN.html,"Committee on Civil Liberties, Justice and Home Affairs","Civil liberties, justice & home affairs",Rejection,0.0,"1=
2=","The Left, Greens/ EFA",RCV,-,132,558,4,0,0,69,11,12,3,0,37,0.0,0.0,0.932,0.151,0.211,0.028,0.0,0.902,0,0,0,0
9485,9486,93,1,06.07.2021,"European Maritime, Fisheries and Aquaculture Fund",***II,Leg,Draft legislative resolution,s,Mato,A9-0222/2021,2018/0210/COD,https://www.europarl.europa.eu/doceo/document/A-9-2021-0222_EN.html,Committee on Fisheries,Fisheries,Rejection,1.0,,Greens/ EFA,RCV,-,143,516,35,4,7,65,11,13,2,8,33,0.065,0.038,0.878,0.151,0.228,0.019,0.052,0.805,0,0,0,0
9564,9565,93,1,06.07.2021,Connecting Europe Facility,***II,Leg,Draft legislative resolution,s,Virkkunen/Marinescu/Riquet,A9-0219/2021,2018/0228/COD,https://www.europarl.europa.eu/doceo/document/A-9-2021-0219_EN.html,"Committee on Industry, Research and Energy/Committee on Transport and Tourism","Industry, Research & Energy",Rejection,0.0,1,Greens/ EFA,RCV,-,114,518,58,3,1,64,1,8,4,4,29,0.048,0.005,0.865,0.014,0.14,0.037,0.026,0.707,0,0,0,0
9565,9566,94,1,07.07.2021,Measures necessary for the implementation of the Protocol on the financial consequences of the expiry of the ECSC Treaty and on the Research Fund for Coal and Steel,***,Leg,Draft legislative resolution,s,Van Overtveldt,A9-0229/2021,2020/0142/APP,https://www.europarl.europa.eu/doceo/document/A-9-2021-0229_EN.html,Committee on Budgets,Budget,vote: consent,1.0,,0,RCV,+,627,40,29,59,174,67,45,35,103,143,1,0.952,0.956,0.905,0.616,0.614,0.954,0.929,0.024,1,0,0,0
9567,9568,94,1,07.07.2021,Visa Information System (VIS): visa processing,***II,Leg,Draft legislative resolution,s,Rangel,A9-0207/2021,2018/0152A/COD,https://www.europarl.europa.eu/doceo/document/A-9-2021-0207_EN.html,"Committee on Civil Liberties, Justice and Home Affairs","Civil liberties, justice & home affairs",Rejection,0.0,1,The Left,RCV,-,114,578,4,0,0,66,2,8,1,1,36,0.0,0.0,0.892,0.027,0.14,0.009,0.006,0.878,0,0,0,0
9568,9569,94,1,07.07.2021,Visa Information System (VIS): conditions for accessing other EU information systems for VIS,***II,Leg,Draft legislative resolution,s,Rangel,A9-0208/2021,2018/0152B/COD,https://www.europarl.europa.eu/doceo/document/A-9-2021-0208_EN.html,"Committee on Civil Liberties, Justice and Home Affairs","Civil liberties, justice & home affairs",Rejection,0.0,1,The Left,RCV,-,113,577,6,0,0,66,2,8,1,0,36,0.0,0.0,0.892,0.027,0.14,0.009,0.0,0.878,0,0,0,0
9573,9574,94,1,07.07.2021,Integrated Border Management Fund: Instrument for Financial Support for Border Management and Visa Policy 2021-2027,***II,Leg,Draft legislative resolution,s,Fajon,A9-0220/2021,2018/0249/COD,https://www.europarl.europa.eu/doceo/document/A-9-2021-0220_EN.html,"Committee on Civil Liberties, Justice and Home Affairs","Civil liberties, justice & home affairs",Rejection,0.0,1,The Left,RCV,-,84,496,111,3,0,2,37,11,0,0,31,0.048,0.0,0.027,0.507,0.193,0.0,0.0,0.756,0,0,0,0
9740,9741,96,1,13.09.2021,Community plant variety rights: extension of the term for certain varieties,***I,Leg,Draft legislative resolution,s,Ruissen,A9-0171/2021,2021/0019/COD,https://www.europarl.europa.eu/doceo/document/A-9-2021-0171_EN.html,Committee on Agriculture and Rural Development,Agriculture,Provisional agreement,0.0,1,committee,RCV,+,641,38,8,38,173,65,63,35,102,140,25,0.613,0.951,0.878,0.863,0.614,0.944,0.909,0.61,1,0,0,0
9779,9780,98,1,15.09.2021,Brexit Adjustment Reserve,***I,Leg,Draft legislative resolution,s,Arimont,A9-0178/2021,2020/0380/COD,https://www.europarl.europa.eu/doceo/document/A-9-2021-0178_EN.html,Committee on Regional Development,Regional development,Provisional agreement,0.0,107,committee,RCV,+,652,32,11,60,161,68,51,36,97,142,37,0.968,0.885,0.919,0.699,0.632,0.898,0.922,0.902,1,0,0,0
9782,9783,98,1,15.09.2021,Instrument for pre-accession assistance (IPA III) 2021–2027,***II,Leg,Draft legislative resolution,s,Picula/Zovko,A9-0266/2021,2018/0247/COD,https://www.europarl.europa.eu/doceo/document/A-9-2021-0266_EN.html,Committee on Foreign Affairs,Foreign & security policy,Rejection,0.0,1,ID,RCV,-,94,577,19,17,0,0,64,11,1,1,0,0.274,0.0,0.0,0.877,0.193,0.009,0.006,0.0,0,0,0,0
9884,9885,98,1,15.09.2021,Visa Facilitation Agreement between the EU and Cabo Verde,***,Leg,Draft legislative resolution,s,López Aguilar,A9-0264/2021,2020/0319/NLE,https://www.europarl.europa.eu/doceo/document/A-9-2021-0264_EN.html,"Committee on Civil Liberties, Justice and Home Affairs","Civil liberties, justice & home affairs",vote: consent,1.0,,0,RCV,+,533,107,47,58,173,3,23,26,101,139,10,0.935,0.951,0.041,0.315,0.456,0.935,0.903,0.244,1,0,0,0
9889,9890,98,1,15.09.2021,EU-Korea agreement: certain aspects of air services,***,Leg,Draft legislative resolution,s,Riquet,A9-0251/2021,2019/0044/NLE,https://www.europarl.europa.eu/doceo/document/A-9-2021-0251_EN.html,Committee on Transport and Tourism,Transport & tourism,vote: consent,1.0,,0,RCV,+,679,6,3,63,173,68,63,36,102,140,34,1.016,0.951,0.919,0.863,0.632,0.944,0.909,0.829,1,0,0,0
10038,10039,100,1,05.10.2021,Sustainable Fisheries Partnership Agreement EU/Greenland and Denmark,***,Leg,Draft legislative resolution,s,Karleskind,A9-0233/2021,2021/0037/NLE,https://www.europarl.europa.eu/doceo/document/A-9-2021-0233_EN.html,Committee on Fisheries,Fisheries,vote: consent,1.0,,0,RCV,+,603,16,72,59,173,68,7,27,103,139,27,0.952,0.951,0.919,0.096,0.474,0.954,0.903,0.659,1,0,0,0
10601,10602,105,1,21.10.2021,"Amending Regulation (EU) 2016/794, as regards Europol’s cooperation with private parties, the processing of personal data by Europol in support of criminal investigations, and Europol’s role on research and innovation",***I,Leg,Draft legislative resolution,s,Zarzalejos,A9-0290/2021,2020/0349/COD,https://www.europarl.europa.eu/doceo/document/A-9-2021-0290_EN.html,"Committee on Civil Liberties, Justice and Home Affairs","Civil liberties, justice & home affairs",Committee decision to enter negotiations,1.0,,0,RCV,+,538,151,7,59,172,0,42,25,101,138,0,0.952,0.945,0.0,0.575,0.439,0.935,0.896,0.0,1,0,0,0
10602,10603,105,1,21.10.2021,"Amending Regulation (EU) 2018/1862 on the establishment, operation and use of the Schengen Information System (SIS) in the field of police cooperation and judicial cooperation in criminal matters as regards the entry of alerts by Europol",***I,Leg,Draft legislative resolution,s,Zarzalejos,A9-0287/2021,2020/0350/COD,https://www.europarl.europa.eu/doceo/document/A-9-2021-0287_EN.html,"Committee on Civil Liberties, Justice and Home Affairs","Civil liberties, justice & home affairs",Committee decision to enter negotiations,1.0,,0,RCV,+,545,147,4,61,172,0,43,26,101,140,1,0.984,0.945,0.0,0.589,0.456,0.935,0.909,0.024,1,0,0,0
10707,10708,106,1,11.11.2021,European Partnership on Metrology,***I,Leg,Draft legislative resolution,s,Carvalho,A9-0242/2021,A9-0242/2021,https://www.europarl.europa.eu/doceo/document/A-9-2021-0242_EN.html,"Committee on Industry, Research and Energy","Industry, Research & Energy",Provisional agreement,0.0,74,committee,RCV,+,536,5,4,41,135,53,50,27,85,111,34,0.661,0.742,0.716,0.685,0.474,0.787,0.721,0.829,1,0,0,0
10708,10709,106,1,11.11.2021,European Union Agency for Asylum,***I,Leg,Draft legislative resolution,s,Yoncheva,A8-0392/2016,2016/0131/COD,https://www.europarl.europa.eu/doceo/document/A-8-2016-0392_EN.html,"Committee on Civil Liberties, Justice and Home Affairs","Civil liberties, justice & home affairs",Provisional agreement,0.0,100,committee,RCV,+,396,92,73,0,131,53,0,8,85,115,4,0.0,0.72,0.716,0.0,0.14,0.787,0.747,0.098,1,0,0,0
10710,10711,106,1,11.11.2021,EU/Australia Agreement: modification of concessions on all the tariff-rate quotas included in the EU Schedule CLXXV,***,Leg,Draft legislative resolution,s,Caspary,A9-0306/2021,2021/0029/NLE,https://www.europarl.europa.eu/doceo/document/A-9-2021-0306_EN.html,Committee on International Trade,International trade,vote: consent,1.0,,0,RCV,+,451,53,62,48,134,41,16,22,68,115,7,0.774,0.736,0.554,0.219,0.386,0.63,0.747,0.171,1,0,0,0
10755,10756,107,1,23.11.2021,Insolvency proceedings: replacing Annexes A and B to the Regulation,***I,Leg,Draft legislative resolution,s,Vázquez Lázara,A9-0293/2021,2021/0118/COD,https://www.europarl.europa.eu/doceo/document/A-9-2021-0293_EN.html,Committee on Legal Affairs,Legal affairs,single vote,1.0,,0,RCV,+,671,4,13,61,174,70,54,37,99,138,38,0.984,0.956,0.946,0.74,0.649,0.917,0.896,0.927,1,0,0,0
10756,10757,107,1,23.11.2021,Integrated farm statistics: Union contribution under the MFF for the years 2021 to 2027,***I,Leg,Draft legislative resolution,s,Terras,A9-0310/2021,2021/0270/COD,https://www.europarl.europa.eu/doceo/document/A-9-2021-0310_EN.html,Committee on Agriculture and Rural Development,Agriculture,single vote,1.0,,0,RCV,+,669,17,2,60,174,70,54,36,100,137,38,0.968,0.956,0.946,0.74,0.632,0.926,0.89,0.927,1,0,0,0
10757,10758,107,1,23.11.2021,Packaged retail and insurance-based investment products (PRIIPs): key information documents. Extension of the transitional arrangement,***I,Leg,Draft legislative resolution,s,Fernández,A9-0297/2021,2021/0215/COD,https://www.europarl.europa.eu/doceo/document/A-9-2021-0297_EN.html,Committee on Economic and Monetary Affairs,Economic & monetary affairs,single vote,1.0,,0,RCV,+,608,29,51,61,174,70,32,28,100,138,5,0.984,0.956,0.946,0.438,0.491,0.926,0.896,0.122,1,0,0,0
10758,10759,107,1,23.11.2021,Undertakings for collective investment in transferable securities (UCITS): the use of key information documents,***I,Leg,Draft legislative resolution,s,Fernández,A9-0301/2021,2021/0219/COD,https://www.europarl.europa.eu/doceo/document/A-9-2021-0301_EN.html,Committee on Economic and Monetary Affairs,Economic & monetary affairs,single vote,1.0,,0,RCV,+,609,6,73,61,174,70,33,28,100,138,5,0.984,0.956,0.946,0.452,0.491,0.926,0.896,0.122,1,0,0,0
10854,10855,109,1,25.11.2021,Adequate minimum wages in the European Union,***I,Leg,Draft legislative resolution,s,Radtke/Jongerius,A9-0325/2021,2020/0310/COD,https://www.europarl.europa.eu/doceo/document/A-9-2021-0325_EN.html,Committee on Employment and Social Affairs,Employment & Social Affairs,Vote: decision to enter into interinstitutional negotiations,1.0,,0,RCV,+,443,192,58,11,78,64,24,33,72,131,30,0.177,0.429,0.865,0.329,0.579,0.667,0.851,0.732,0,0,1,0
10909,10910,110,1,13.12.2021,Union tariff rate quota for high quality beef from Paraguay,***I,Leg,Draft legislative resolution,s,Cañas,A9-0333/2021,2021/0146/COD,https://www.europarl.europa.eu/doceo/document/A-9-2021-0333_EN.html,Committee on International Trade,International trade,2021/0146/COD,1.0,,0,RCV,+,562,6,121,64,172,1,62,31,100,131,1,1.032,0.945,0.014,0.849,0.544,0.926,0.851,0.024,1,0,0,0
10913,10914,111,1,14.12.2021,Joint investigation teams: alignment with Union rules on the protection of personal data,***I,Leg,Draft legislative resolution,s,Lenaers,A9-0236/2021,2021/0008/COD,https://www.europarl.europa.eu/doceo/document/A-9-2021-0236_EN.html,"Committee on Civil Liberties, Justice and Home Affairs","Civil liberties, justice & home affairs",Provisional agreement,0.0,1,committee,RCV,+,669,22,6,61,175,69,47,34,102,143,38,0.984,0.962,0.932,0.644,0.596,0.944,0.929,0.927,1,0,0,0
10914,10915,111,1,14.12.2021,European Investigation Order in criminal matters: alignment with Union rules on the protection of personal data,***I,Leg,Draft legislative resolution,s,Kaljurand,A9-0237/2021,2021/0009/COD,https://www.europarl.europa.eu/doceo/document/A-9-2021-0237_EN.html,"Committee on Civil Liberties, Justice and Home Affairs","Civil liberties, justice & home affairs",Provisional agreement,0.0,1,committee,RCV,+,673,16,8,64,175,69,48,34,102,143,38,1.032,0.962,0.932,0.658,0.596,0.944,0.929,0.927,1,0,0,0
10920,10921,111,1,14.12.2021,EU-US air transport agreement,***,Leg,Draft legislative resolution,s,Grapini,A9-0335/2021,2010/0112/NLE,https://www.europarl.europa.eu/doceo/document/A-9-2021-0335_EN.html,Committee on Transport and Tourism,Transport & tourism,vote: consent,1.0,,0,RCV,+,658,9,30,64,175,69,62,36,102,143,7,1.032,0.962,0.932,0.849,0.632,0.944,0.929,0.171,1,0,0,0
10921,10922,111,1,14.12.2021,EC/Gabon Fisheries Partnership Agreement: Implementing Protocol,***,Leg,Draft legislative resolution,s,Bilbao Barandica,A9-0316/2021,2021/0127/NLE,https://www.europarl.europa.eu/doceo/document/A-9-2021-0316_EN.html,Committee on Fisheries,Fisheries,vote: consent,1.0,,0,RCV,+,478,148,71,60,174,0,3,15,100,125,1,0.968,0.956,0.0,0.041,0.263,0.926,0.812,0.024,1,0,0,0
11384,11385,119,2,16.02.2022,Rail: prolongation of temporary levying of charges - COVID-19,***I,Leg,Draft legislative resolution,s,0,C9-0001/2022,2021/0437/COD,0,Committee on Transport and Tourism,Transport & tourism,Vote: Commission proposal,1.0,,0,RCV,+,678,5,11,64,174,69,60,34,102,142,33,1.032,0.956,0.932,0.822,0.596,0.944,0.922,0.805,1,0,0,0
11386,11387,119,2,16.02.2022,Macro-financial assistance to Ukraine,***I,Leg,Draft legislative resolution,s,0,C9-0028/2022,2022/0026/COD,0,Committee on International Trade,International trade,Vote: Commission proposal,1.0,,0,RCV,+,598,55,41,56,174,69,27,24,102,142,4,0.903,0.956,0.932,0.37,0.421,0.944,0.922,0.098,1,0,0,0
11387,11388,117,1,14.02.2022,Convention on the Conservation and Management of High Seas Fisheries Resources in the North Pacific Ocean: accession of the European Union,***,Leg,Draft legislative resolution,s,Ruissen,A9-0008/2022,2021/0184/NLE,https://www.europarl.europa.eu/doceo/document/A-9-2022-0008_EN.html,Committee on Fisheries,Fisheries,vote: consent,1.0,,0,RCV,+,675,4,16,63,175,67,49,38,102,142,39,1.016,0.962,0.905,0.671,0.667,0.944,0.922,0.951,1,0,0,0
12037,12038,122,1,08.03.2022,Regional economic accounts for agriculture,***I,Leg,Draft legislative resolution,s,Kokkalis,A9-0282/2021,2021/0031/COD,https://www.europarl.europa.eu/doceo/document/A-9-2021-0282_EN.html,Committee on Agriculture and Rural Development,Agriculture,Provisional agreement,0.0,18,committee,RCV,+,625,37,34,64,172,70,1,33,102,144,39,1.032,0.945,0.946,0.014,0.579,0.944,0.935,0.951,1,0,0,0
12408,12409,125,1,24.03.2022,Refugees in Europe: CARE,***I,Leg,Draft legislative resolution,s,0,C9-0057/2022,2022/0075/COD,0,Committee on Regional Development,Regional development,Vote: Commission proposal,1.0,,0,RCV,+,562,2,3,50,144,58,48,25,86,116,35,0.806,0.791,0.784,0.658,0.439,0.796,0.753,0.854,1,0,0,0
12414,12415,125,6,24.03.2022,More flexible use of funds under the AMIF Regulations in light of the war in Ukraine,***I,Leg,Draft legislative resolution,s,0,C9-0056/2022,2022/0077/COD,0,"Committee on Civil Liberties, Justice and Home Affairs","Civil liberties, justice & home affairs",Vote: Commission proposal,1.0,,0,RCV,+,575,4,3,51,149,62,49,25,88,118,33,0.823,0.819,0.838,0.671,0.439,0.815,0.766,0.805,1,0,0,0
12415,12416,125,1,24.03.2022,Status Agreement between the EU and Moldova on Frontex operational activities,***,Leg,Draft legislative resolution,s,0,C9-0120/2022,2022/0087/NLE,0,"Committee on Civil Liberties, Justice and Home Affairs","Civil liberties, justice & home affairs",vote: consent,1.0,,0,RCV,+,543,34,10,49,150,63,44,25,88,117,7,0.79,0.824,0.851,0.603,0.439,0.815,0.76,0.171,1,0,0,0
12416,12417,125,1,24.03.2022,Pilot regime for market infrastructures based on distributed ledger technology,***I,Leg,Draft legislative resolution,s,Van Overtveldt,A9-0240/2021,2020/0267/COD,https://www.europarl.europa.eu/doceo/document/A-9-2021-0240_EN.html,Committee on Economic and Monetary Affairs,Economic & monetary affairs,Provisional agreement,0.0,2,committee,RCV,+,527,28,31,48,150,61,35,23,88,118,4,0.774,0.824,0.824,0.479,0.404,0.815,0.766,0.098,1,0,0,0
12417,12418,125,1,24.03.2022,Roaming Regulation (recast),***I,Leg,Draft legislative resolution,s,Winzig,A9-0286/2021,2021/0045/COD,https://www.europarl.europa.eu/doceo/document/A-9-2021-0286_EN.html,"Committee on Industry, Research and Energy","Industry, Research & Energy",Provisional agreement,0.0,74,committee,RCV,+,581,2,5,51,150,63,51,27,88,119,32,0.823,0.824,0.851,0.699,0.474,0.815,0.773,0.78,1,0,0,0
12418,12419,125,1,24.03.2022,Macro-financial assistance to the Republic of Moldova,***I,Leg,Draft legislative resolution,s,Gregorová,A9-0043/2022,2021/0438/COD,https://www.europarl.europa.eu/doceo/document/A-9-2022-0043_EN.html,Committee on International Trade,International trade,Vote: Commission proposal,1.0,,0,RCV,+,558,20,10,49,149,62,44,26,88,119,21,0.79,0.819,0.838,0.603,0.456,0.815,0.773,0.512,1,0,0,0
12419,12420,125,1,24.03.2022,Computerised system for the cross-border electronic exchange of data in the area of judicial cooperation in civil and criminal matters (e-CODEX system),***I,Leg,Draft legislative resolution,s,Radev/Melo,A9-0288/2021,2020/0345/COD,https://www.europarl.europa.eu/doceo/document/A-9-2021-0288_EN.html,"Committee on Legal Affairs, Committee on Civil Liberties, Justice and Home Affairs",Legal affairs,Provisional agreement,0.0,71,committee,RCV,+,571,7,10,51,150,63,44,26,85,119,33,0.823,0.824,0.851,0.603,0.456,0.787,0.773,0.805,1,0,0,0
12424,12425,125,1,24.03.2022,EU-Brazil Agreement on short-stay visa waiver for holders of ordinary passports,***,Leg,Draft legislative resolution,s,Rangel,A9-0029/2022,2018/0084/NLE,https://www.europarl.europa.eu/doceo/document/A-9-2022-0029_EN.html,"Committee on Civil Liberties, Justice and Home Affairs","Civil liberties, justice & home affairs",vote: consent,1.0,,0,RCV,+,585,3,0,52,149,63,50,28,88,120,35,0.839,0.819,0.851,0.685,0.491,0.815,0.779,0.854,1,0,0,0
12425,12426,125,1,24.03.2022,"EU-Brazil Agreement on short-stay visa waiver for holders of diplomatic, service or official passports",***,Leg,Draft legislative resolution,s,Rangel,A9-0030/2022,2018/0086/NLE,https://www.europarl.europa.eu/doceo/document/A-9-2022-0030_EN.html,"Committee on Civil Liberties, Justice and Home Affairs","Civil liberties, justice & home affairs",vote: consent,1.0,,0,RCV,+,587,3,0,53,151,63,51,28,88,118,35,0.855,0.83,0.851,0.699,0.491,0.815,0.766,0.854,1,0,0,0
12486,12487,126,1,05.04.2022,Strengthening the application of the principle of equal pay for equal work or work of equal value between men and women,***I,Leg,Draft legislative resolution,s,Peter‑Hansen/Rafaela,A9-0056/2022,2021/0050/COD,https://www.europarl.europa.eu/doceo/document/A-9-2022-0056_EN.html,"Committee on Employment and Social Affairs, Committee on Women's Rights and Gender Equality",Employment & Social Affairs,vote: decision to enter interinstitutional negotiations,1.0,,0,RCV,+,403,166,58,1,70,69,23,15,71,124,30,0.016,0.385,0.932,0.315,0.263,0.657,0.805,0.732,0,0,1,0
12491,12492,126,1,05.04.2022,Trans-European energy infrastructure,***I,Leg,Draft legislative resolution,s,Krasnodębski,A9-0269/2021,2020/0360/COD,https://www.europarl.europa.eu/doceo/document/A-9-2021-0269_EN.html,"Committee on Industry, Research and Energy","Industry, Research & Energy",Provisional agreement,0.0,256,committee,RCV,+,410,146,72,48,161,0,0,20,64,114,3,0.774,0.885,0.0,0.0,0.351,0.593,0.74,0.073,1,0,0,0
12501,12502,126,1,05.04.2022,Equivalence of field inspections and of certain seed produced in Bolivia,***I,Leg,Draft legislative resolution,s,Vrecionová,A9-0053/2022,2022/0016/COD,https://www.europarl.europa.eu/doceo/document/A-9-2022-0053_EN.html,Committee on Agriculture and Rural Development,Agriculture,single vote,1.0,,0,RCV,+,549,3,78,57,161,1,44,31,96,126,33,0.919,0.885,0.014,0.603,0.544,0.889,0.818,0.805,1,0,0,0
12503,12504,126,1,05.04.2022,Minimum level of training of seafarers (codification),***I,Leg,Draft legislative resolution,s,Aubry,A9-0080/2022,2020/0329/COD,https://www.europarl.europa.eu/doceo/document/A-9-2022-0080_EN.html,Committee on Legal Affairs,Legal affairs,single vote,1.0,,0,RCV,+,623,4,2,57,160,69,51,32,95,126,33,0.919,0.879,0.932,0.699,0.561,0.88,0.818,0.805,1,0,0,0
12505,12506,127,1,06.04.2022,Data Governance Act,***I,Leg,Draft legislative resolution,s,Niebler,A9-0248/2021,2020/0340/COD,https://www.europarl.europa.eu/doceo/document/A-9-2021-0248_EN.html,"Committee on Industry, Research and Energy","Industry, Research & Energy",Provisional agreement,0.0,248,committee,RCV,+,501,12,40,43,143,56,36,23,88,111,1,0.694,0.786,0.757,0.493,0.404,0.815,0.721,0.024,1,0,0,0
12521,12522,127,1,07.04.2022,"Medicinal products made available in the UK with respect to Northern Ireland, Cyprus, Ireland and Malta",***I,Leg,Draft legislative resolution,s,Canfin,C9-0475/2021,2021/0431/COD,0,"Committee on the Environment, Public Health and Food Safety",Environment & public health,vote: Commission proposal,1.0,,0,RCV,+,547,0,4,47,142,63,41,24,89,112,29,0.758,0.78,0.851,0.562,0.421,0.824,0.727,0.707,1,0,0,1
12522,12523,127,1,07.04.2022,"Investigational medicinal products made available in the UK with respect to Northern Ireland, Cyprus, Ireland and Malta",***I,Leg,Draft legislative resolution,s,Canfin,C9-0476/2021,2021/0432/COD,0,"Committee on the Environment, Public Health and Food Safety",Environment & public health,vote: Commission proposal,1.0,,0,RCV,+,555,0,3,48,145,63,41,26,89,113,30,0.774,0.797,0.851,0.562,0.456,0.824,0.734,0.732,1,0,0,1
12523,12524,127,1,07.04.2022,Increased pre-financing from REACT-EU,***I,Leg,Draft legislative resolution,s,0,C9-0127/2022,2022/0096/COD,0,Committee on Regional Development,Regional development,vote: Commission proposal,1.0,,0,RCV,+,549,1,8,48,145,63,33,28,89,113,30,0.774,0.797,0.851,0.452,0.491,0.824,0.734,0.732,1,0,0,0
12524,12525,127,1,07.04.2022,Gas storage,***I,Leg,Draft legislative resolution,s,Buşoi,C9-0126/2022,2022/0090/COD,0,"Committee on Industry, Research and Energy","Industry, Research & Energy",vote: Commission proposal,1.0,,0,RCV,+,516,25,15,43,144,63,31,22,88,113,12,0.694,0.791,0.851,0.425,0.386,0.815,0.734,0.293,1,0,0,0
12783,12784,129,1,03.05.2022,Amending Annexes IV and V to Regulation (EU) 2019/1021 on persistent organic pollutants,***I,Leg,Draft legislative resolution,s,Hojsík,A9-0092/2022,2021/0340/COD,https://www.europarl.europa.eu/doceo/document/A-9-2022-0092_EN.html,"Committee on the Environment, Public Health and Food Safety",Environment & public health,vote: Commission proposal,1.0,,0,RCV,+,506,68,49,5,153,67,4,17,94,131,35,0.081,0.841,0.905,0.055,0.298,0.87,0.851,0.854,1,0,0,0
12869,12870,130,1,04.05.2022,"Strengthening Europol’s mandate: cooperation with private parties, processing of personal data, and support for research and innovation",***I,Leg,Draft legislative resolution,s,Zarzalejos,A9-0290/2021,2020/0349/COD,https://www.europarl.europa.eu/doceo/document/A-9-2021-0290_EN.html,"Committee on Civil Liberties, Justice and Home Affairs","Civil liberties, justice & home affairs",Provisional agreement,0.0,202,committee,RCV,+,480,143,20,51,159,1,51,26,91,101,0,0.823,0.874,0.014,0.699,0.456,0.843,0.656,0.0,0,1,0,0
12870,12871,130,1,04.05.2022,Distortive foreign subsidies,***I,Leg,Draft legislative resolution,s,Hansen,A9-0135/2022,2021/0114/COD,https://www.europarl.europa.eu/doceo/document/A-9-2022-0135_EN.html,Committee on International Trade,International trade,vote: Commission proposal,1.0,,0,RCV,+,627,8,11,55,161,64,57,36,95,131,28,0.887,0.885,0.865,0.781,0.632,0.88,0.851,0.683,1,0,0,0
12963,12964,131,1,05.05.2022,Transitional rules for the packaging and labelling of veterinary medicinal products,***I,Leg,Draft legislative resolution,s,0,C9-0054/2022,2022/0053/COD,0,"Committee on Civil Liberties, Justice and Home Affairs","Civil liberties, justice & home affairs",vote: Commission proposal,1.0,,0,RCV,+,589,5,2,52,144,63,54,32,94,117,33,0.839,0.791,0.851,0.74,0.561,0.87,0.76,0.805,1,0,0,0
13016,13017,132,1,19.05.2022,Temporary trade liberalisation supplementing trade concessions applicable to Ukrainian products under EU/Ukraine Association Agreement,***I,Leg,Draft legislative resolution,s,Kalniete,A9-0146/2022,2022/0138/COD,https://www.europarl.europa.eu/doceo/document/A-9-2022-0146_EN.html,Committee on International Trade,International trade,single vote,1.0,,0,RCV,+,515,32,11,53,133,57,27,27,89,107,22,0.855,0.731,0.77,0.37,0.474,0.824,0.695,0.537,1,0,0,0
13019,13020,132,1,19.05.2022,Regulation (EU) 2016/1628: Extension of the empowerment to adopt delegated acts,***I,Leg,Draft legislative resolution,s,0,C9-0119/2022,2022/0080/COD,0,"Committee on the Environment, Public Health and Food Safety",Environment & public health,vote: Commission proposal,1.0,,0,RCV,+,555,26,21,43,145,63,38,27,93,119,27,0.694,0.797,0.851,0.521,0.474,0.861,0.773,0.659,1,0,0,0
13068,13069,133,1,07.06.2022,"Extension of the Agreement on the promotion, provision and use of Galileo and GPS satellite-based navigation systems and related applications",***,Leg,Draft legislative resolution,s,Buşoi,A9-0153/2022,2022/0005/NLE,https://www.europarl.europa.eu/doceo/document/A-9-2022-0153_EN.html,"Committee on Industry, Research and Energy","Industry, Research & Energy",vote: consent,1.0,,0,RCV,+,556,4,13,52,146,59,51,21,86,112,28,0.839,0.802,0.797,0.699,0.368,0.796,0.727,0.683,1,0,0,0
13085,13086,134,1,08.06.2022,Strengthening Europol’s mandate: entry of alerts in SIS,***I,Leg,Draft legislative resolution,s,Zarzalejos,A9-0287/2021,2020/0350/COD,https://www.europarl.europa.eu/doceo/document/A-9-2021-0287_EN.html,"Committee on Civil Liberties, Justice and Home Affairs","Civil liberties, justice & home affairs",Provisional agreement,0.0,50,committee,RCV,+,470,118,16,53,152,1,49,19,87,108,0,0.855,0.835,0.014,0.671,0.333,0.806,0.701,0.0,1,0,0,0
13086,13087,134,1,08.06.2022,EU/Mauritania Sustainable Fisheries Partnership Agreement and Implementing Protocol,***,Leg,Draft legislative resolution,s,Bilbao Barandica,A9-0148/2022,2021/0300/NLE,https://www.europarl.europa.eu/doceo/document/A-9-2022-0148_EN.html,Committee on Fisheries,Fisheries,vote: consent,1.0,,0,RCV,+,557,34,31,53,161,64,21,18,91,129,19,0.855,0.885,0.865,0.288,0.316,0.843,0.838,0.463,1,0,0,0
